Config,DataFile,Strategy,StrategyLabel,RunID,Seed,K,N2Raw,Users,Candidates,InitialCost,FinalCost,ImprovementPct,Iterations,InitialCoverage,FinalCoverage,InitialSolution,FinalSolution,FinalGapPct,JaccardToBest
10_130,data/input_data_10_130_8_new.xlsx,random,Random,0,42,10,11,130,20,9673.788193786455,2869.1770598922017,70.34070828907444,12,0.8,0.9307692307692308,0 1 2 3 7 8 10 11 16 17,1 3 4 7 8 9 12 15 17 18,11.36961133064746,0.42857142857142855
10_130,data/input_data_10_130_8_new.xlsx,random,Random,1,43,10,11,130,20,10107.370675044509,2576.2656667390575,74.51102022902992,12,0.7846153846153846,0.9384615384615385,1 4 7 9 10 11 12 14 15 19,0 1 7 8 10 14 15 17 18 19,0.0,1.0
10_130,data/input_data_10_130_8_new.xlsx,random,Random,2,44,10,11,130,20,9795.031896436545,2690.8898579626975,72.52801331926597,7,0.8,0.9384615384615385,0 3 4 5 6 13 16 17 18 19,0 1 2 4 6 7 8 10 17 19,4.449238007690689,0.5384615384615384
10_130,data/input_data_10_130_8_new.xlsx,random,Random,3,45,10,11,130,20,8761.6168863019,2576.2656667390575,70.59600185478497,9,0.8,0.9384615384615385,0 1 2 4 5 7 8 13 15 19,0 1 7 8 10 14 15 17 18 19,0.0,1.0
10_130,data/input_data_10_130_8_new.xlsx,random,Random,4,46,10,11,130,20,6247.086896088763,2869.1770598922017,54.07176004405247,7,0.8615384615384616,0.9307692307692308,0 1 2 4 7 8 9 11 12 18,1 3 4 7 8 9 12 15 17 18,11.36961133064746,0.42857142857142855
10_130,data/input_data_10_130_8_new.xlsx,random,Random,5,47,10,11,130,20,9325.579113391852,2576.2656667390575,72.3742018011573,13,0.8076923076923077,0.9384615384615385,2 4 6 8 9 10 11 12 13 14,0 1 7 8 10 14 15 17 18 19,0.0,1.0
10_130,data/input_data_10_130_8_new.xlsx,random,Random,6,48,10,11,130,20,11158.04069568331,2576.2656667390575,76.911128602213,10,0.7769230769230769,0.9384615384615385,2 4 6 9 10 11 12 14 15 17,0 1 7 8 10 14 15 17 18 19,0.0,1.0
10_130,data/input_data_10_130_8_new.xlsx,random,Random,7,49,10,11,130,20,9387.198334446235,2576.2656667390575,72.55554239985028,12,0.8,0.9384615384615385,0 2 3 8 10 11 12 13 15 17,0 1 7 8 10 14 15 17 18 19,0.0,1.0
10_130,data/input_data_10_130_8_new.xlsx,random,Random,8,50,10,11,130,20,15460.253246270797,2576.2656667390575,83.33620008869852,12,0.7076923076923077,0.9384615384615385,1 5 7 8 11 12 13 15 18 19,0 1 7 8 10 14 15 17 18 19,0.0,1.0
10_130,data/input_data_10_130_8_new.xlsx,random,Random,9,51,10,11,130,20,8520.344683525891,2690.8898579626975,68.41806337758213,5,0.8384615384615385,0.9384615384615385,3 4 5 6 7 8 13 16 17 19,0 1 2 4 6 7 8 10 17 19,4.449238007690689,0.5384615384615384
10_130,data/input_data_10_130_8_new.xlsx,random,Random,10,52,10,11,130,20,9987.765879404289,2576.2656667390575,74.2057863806003,10,0.7923076923076923,0.9384615384615385,0 1 2 6 8 11 12 14 15 16,0 1 7 8 10 14 15 17 18 19,0.0,1.0
10_130,data/input_data_10_130_8_new.xlsx,random,Random,11,53,10,11,130,20,12101.948745868012,2576.2656667390575,78.71197671681864,13,0.7538461538461538,0.9384615384615385,5 6 7 8 11 14 15 16 17 19,0 1 7 8 10 14 15 17 18 19,0.0,1.0
10_130,data/input_data_10_130_8_new.xlsx,random,Random,12,54,10,11,130,20,11536.038587356012,2576.2656667390575,77.66767467679283,13,0.7769230769230769,0.9384615384615385,3 4 6 7 9 13 14 15 17 18,0 1 7 8 10 14 15 17 18 19,0.0,1.0
10_130,data/input_data_10_130_8_new.xlsx,random,Random,13,55,10,11,130,20,8337.944751021098,2963.794871430574,64.4541315644048,7,0.8153846153846154,0.9307692307692308,1 2 4 5 6 9 11 15 17 19,0 3 4 7 8 9 11 15 18 19,15.042284252541267,0.42857142857142855
10_130,data/input_data_10_130_8_new.xlsx,random,Random,14,56,10,11,130,20,11474.808392716668,2576.2656667390575,77.54850818795133,11,0.7846153846153846,0.9384615384615385,0 3 6 8 9 11 12 15 16 17,0 1 7 8 10 14 15 17 18 19,0.0,1.0
10_130,data/input_data_10_130_8_new.xlsx,random,Random,15,57,10,11,130,20,9483.710222050076,2576.2656667390575,72.83483355755517,10,0.823076923076923,0.9384615384615385,0 1 4 6 7 10 11 12 15 16,0 1 7 8 10 14 15 17 18 19,0.0,1.0
10_130,data/input_data_10_130_8_new.xlsx,random,Random,16,58,10,11,130,20,7703.81411714451,2690.8898579626975,65.07068035332996,6,0.8384615384615385,0.9384615384615385,1 3 4 5 6 7 16 17 18 19,0 1 2 4 6 7 8 10 17 19,4.449238007690689,0.5384615384615384
10_130,data/input_data_10_130_8_new.xlsx,random,Random,17,59,10,11,130,20,8472.398258274276,2576.2656667390575,69.59225017281221,8,0.8384615384615385,0.9384615384615385,0 2 4 7 10 11 13 14 15 16,0 1 7 8 10 14 15 17 18 19,0.0,1.0
10_130,data/input_data_10_130_8_new.xlsx,random,Random,18,60,10,11,130,20,13709.887529606129,2963.794871430574,78.38206283581584,11,0.7384615384615385,0.9307692307692308,0 4 5 7 8 9 12 13 15 19,0 3 4 7 8 9 11 15 18 19,15.042284252541267,0.42857142857142855
10_130,data/input_data_10_130_8_new.xlsx,random,Random,19,61,10,11,130,20,10846.181434676018,2576.2656667390575,76.24725639843575,10,0.7846153846153846,0.9384615384615385,0 4 5 6 10 11 12 15 17 18,0 1 7 8 10 14 15 17 18 19,0.0,1.0
10_130,data/input_data_10_130_8_new.xlsx,random,Random,20,62,10,11,130,20,7667.663561908024,2576.2656667390575,66.40090366591438,7,0.8461538461538461,0.9384615384615385,2 4 5 7 8 10 14 17 18 19,0 1 7 8 10 14 15 17 18 19,0.0,1.0
10_130,data/input_data_10_130_8_new.xlsx,random,Random,21,63,10,11,130,20,12545.31378040827,2576.2656667390575,79.464318614634,10,0.7461538461538462,0.9384615384615385,1 6 8 9 10 11 13 14 15 19,0 1 7 8 10 14 15 17 18 19,0.0,1.0
10_130,data/input_data_10_130_8_new.xlsx,random,Random,22,64,10,11,130,20,8606.456515914539,2576.2656667390575,70.06589573798249,9,0.823076923076923,0.9384615384615385,0 3 4 6 10 11 12 15 17 18,0 1 7 8 10 14 15 17 18 19,0.0,1.0
10_130,data/input_data_10_130_8_new.xlsx,random,Random,23,65,10,11,130,20,10266.341292123436,2576.2656667390575,74.90570794957279,10,0.7769230769230769,0.9384615384615385,7 8 9 12 13 14 15 16 18 19,0 1 7 8 10 14 15 17 18 19,0.0,1.0
10_130,data/input_data_10_130_8_new.xlsx,random,Random,24,66,10,11,130,20,8950.78733150426,2576.2656667390575,71.21744075326954,9,0.8,0.9384615384615385,1 2 4 7 8 9 12 13 14 15,0 1 7 8 10 14 15 17 18 19,0.0,1.0
10_130,data/input_data_10_130_8_new.xlsx,random,Random,25,67,10,11,130,20,11536.038587356012,2576.2656667390575,77.66767467679283,15,0.7769230769230769,0.9384615384615385,2 3 4 6 7 9 13 14 15 17,0 1 7 8 10 14 15 17 18 19,0.0,1.0
10_130,data/input_data_10_130_8_new.xlsx,random,Random,26,68,10,11,130,20,13854.279775172348,2576.2656667390575,81.40455001236606,10,0.7230769230769231,0.9384615384615385,3 4 5 7 10 11 13 14 16 18,0 1 7 8 10 14 15 17 18 19,0.0,1.0
10_130,data/input_data_10_130_8_new.xlsx,random,Random,27,69,10,11,130,20,10975.422614824878,2907.7372835342862,73.50683080206217,12,0.7769230769230769,0.9307692307692308,1 2 3 5 6 8 11 12 13 17,4 7 8 9 12 13 15 16 17 18,12.866360060404539,0.3333333333333333
10_130,data/input_data_10_130_8_new.xlsx,random,Random,28,70,10,11,130,20,13182.533053859668,2576.2656667390575,80.45697548253246,14,0.7384615384615385,0.9384615384615385,1 2 3 4 5 9 10 11 14 17,0 1 7 8 10 14 15 17 18 19,0.0,1.0
10_130,data/input_data_10_130_8_new.xlsx,random,Random,29,71,10,11,130,20,23177.08970194071,2576.2656667390575,88.88442984054491,12,0.6230769230769231,0.9384615384615385,0 1 3 4 8 10 12 13 15 16,0 1 7 8 10 14 15 17 18 19,0.0,1.0
10_130,data/input_data_10_130_8_new.xlsx,random,Random,30,72,10,11,130,20,7719.3315398721115,2576.2656667390575,66.62579326419579,8,0.8307692307692308,0.9384615384615385,2 5 9 10 11 14 15 16 17 19,0 1 7 8 10 14 15 17 18 19,0.0,1.0
10_130,data/input_data_10_130_8_new.xlsx,random,Random,31,73,10,11,130,20,12873.806642877287,2576.2656667390575,79.98831473700568,11,0.7307692307692307,0.9384615384615385,1 3 4 5 7 8 9 14 15 16,0 1 7 8 10 14 15 17 18 19,0.0,1.0
10_130,data/input_data_10_130_8_new.xlsx,random,Random,32,74,10,11,130,20,10586.205454312523,2576.2656667390575,75.66393664039877,14,0.7692307692307693,0.9384615384615385,2 3 4 5 10 12 15 16 17 19,0 1 7 8 10 14 15 17 18 19,0.0,1.0
10_130,data/input_data_10_130_8_new.xlsx,random,Random,33,75,10,11,130,20,9408.035528091292,2576.2656667390575,72.61632719129695,6,0.8076923076923077,0.9384615384615385,1 8 10 11 12 13 14 16 18 19,0 1 7 8 10 14 15 17 18 19,0.0,1.0
10_130,data/input_data_10_130_8_new.xlsx,random,Random,34,76,10,11,130,20,12693.708864562986,2576.2656667390575,79.70438983415467,17,0.7538461538461538,0.9384615384615385,0 3 4 6 9 11 12 14 16 19,0 1 7 8 10 14 15 17 18 19,0.0,1.0
10_130,data/input_data_10_130_8_new.xlsx,random,Random,35,77,10,11,130,20,8511.62640171515,2576.2656667390575,69.73239255167587,7,0.8384615384615385,0.9384615384615385,1 4 6 7 8 10 13 16 17 19,0 1 7 8 10 14 15 17 18 19,0.0,1.0
10_130,data/input_data_10_130_8_new.xlsx,random,Random,36,78,10,11,130,20,16064.020116926255,2576.2656667390575,83.96250970811154,14,0.7384615384615385,0.9384615384615385,0 2 3 6 8 9 10 12 13 14,0 1 7 8 10 14 15 17 18 19,0.0,1.0
10_130,data/input_data_10_130_8_new.xlsx,random,Random,37,79,10,11,130,20,8390.368778563778,2576.2656667390575,69.29496503990318,12,0.823076923076923,0.9384615384615385,2 3 4 5 7 11 13 14 15 17,0 1 7 8 10 14 15 17 18 19,0.0,1.0
10_130,data/input_data_10_130_8_new.xlsx,random,Random,38,80,10,11,130,20,13191.424577864935,2576.2656667390575,80.47014822749315,12,0.7307692307692307,0.9384615384615385,0 5 6 8 11 12 13 14 17 19,0 1 7 8 10 14 15 17 18 19,0.0,1.0
10_130,data/input_data_10_130_8_new.xlsx,random,Random,39,81,10,11,130,20,6630.598543509005,2576.2656667390575,61.145805317061736,7,0.8538461538461538,0.9384615384615385,0 2 7 10 12 13 14 15 16 19,0 1 7 8 10 14 15 17 18 19,0.0,1.0
10_130,data/input_data_10_130_8_new.xlsx,random,Random,40,82,10,11,130,20,20600.1067676934,2576.2656667390575,87.49392080443317,12,0.6538461538461539,0.9384615384615385,2 4 5 9 10 12 13 15 16 19,0 1 7 8 10 14 15 17 18 19,0.0,1.0
10_130,data/input_data_10_130_8_new.xlsx,random,Random,41,83,10,11,130,20,9405.514420945769,2576.2656667390575,72.60898711715545,10,0.8076923076923077,0.9384615384615385,0 2 3 4 10 11 12 14 15 18,0 1 7 8 10 14 15 17 18 19,0.0,1.0
10_130,data/input_data_10_130_8_new.xlsx,random,Random,42,84,10,11,130,20,14176.95618049613,2907.7372835342862,79.4896926638273,9,0.7384615384615385,0.9307692307692308,0 1 3 7 8 9 10 12 13 15,4 7 8 9 12 13 15 16 17 18,12.866360060404539,0.3333333333333333
10_130,data/input_data_10_130_8_new.xlsx,random,Random,43,85,10,11,130,20,15272.591657226258,2576.2656667390575,83.13144406293287,13,0.6923076923076923,0.9384615384615385,3 5 6 7 9 10 12 13 15 19,0 1 7 8 10 14 15 17 18 19,0.0,1.0
10_130,data/input_data_10_130_8_new.xlsx,random,Random,44,86,10,11,130,20,8043.255027165238,2576.2656667390575,67.96986222570347,4,0.8384615384615385,0.9384615384615385,0 2 4 8 10 11 14 17 18 19,0 1 7 8 10 14 15 17 18 19,0.0,1.0
10_130,data/input_data_10_130_8_new.xlsx,random,Random,45,87,10,11,130,20,10786.343577285865,2907.7372835342862,73.0424192155582,9,0.7923076923076923,0.9307692307692308,3 4 5 6 8 10 12 13 15 17,4 7 8 9 12 13 15 16 17 18,12.866360060404539,0.3333333333333333
10_130,data/input_data_10_130_8_new.xlsx,random,Random,46,88,10,11,130,20,11054.570390488634,2576.2656667390575,76.69501775522929,12,0.7923076923076923,0.9384615384615385,0 5 6 8 10 11 12 15 16 19,0 1 7 8 10 14 15 17 18 19,0.0,1.0
10_130,data/input_data_10_130_8_new.xlsx,random,Random,47,89,10,11,130,20,10165.5561451064,2576.2656667390575,74.65691369990371,11,0.7923076923076923,0.9384615384615385,2 3 4 5 6 8 11 13 15 19,0 1 7 8 10 14 15 17 18 19,0.0,1.0
10_130,data/input_data_10_130_8_new.xlsx,random,Random,48,90,10,11,130,20,7254.153096598,2576.2656667390575,64.48564522373734,10,0.8461538461538461,0.9384615384615385,2 4 6 7 9 11 12 15 16 17,0 1 7 8 10 14 15 17 18 19,0.0,1.0
10_130,data/input_data_10_130_8_new.xlsx,random,Random,49,91,10,11,130,20,11281.886532556653,2576.2656667390575,77.16458449298696,13,0.7692307692307693,0.9384615384615385,2 5 7 11 12 13 14 15 17 18,0 1 7 8 10 14 15 17 18 19,0.0,1.0
10_130,data/input_data_10_130_8_new.xlsx,density_topk,Density,0,42,10,11,130,20,12037.631860985715,2576.2656667390575,78.59823513054255,11,0.7615384615384615,0.9384615384615385,0 5 6 8 9 10 11 12 14 17,0 1 7 8 10 14 15 17 18 19,0.0,1.0
10_130,data/input_data_10_130_8_new.xlsx,distance_sum,DistSum,0,42,10,11,130,20,16395.272361444335,2576.2656667390575,84.2865332765225,14,0.6846153846153846,0.9384615384615385,0 4 5 6 9 10 12 14 17 19,0 1 7 8 10 14 15 17 18 19,0.0,1.0
10_130,data/input_data_10_130_8_new.xlsx,greedy_marginal,Greedy,0,42,10,11,130,20,2598.971692724219,2576.2656667390575,0.8736542244275535,2,0.9384615384615385,0.9384615384615385,0 1 2 7 8 10 11 14 15 19,0 1 7 8 10 14 15 17 18 19,0.0,1.0
10_130,data/input_data_10_130_8_new.xlsx,density_diverse,Diverse,0,42,10,11,130,20,8661.985488008466,2576.2656667390575,70.25779285470284,7,0.823076923076923,0.9384615384615385,0 6 8 9 10 11 12 14 17 18,0 1 7 8 10 14 15 17 18 19,0.0,1.0
10_150,data/input_data_10_150_8_new.xlsx,random,Random,0,42,10,11,150,20,13000.198159365953,3665.3642236796645,71.80532035937496,13,0.7666666666666667,0.9266666666666666,0 1 2 3 7 8 10 11 16 17,0 7 8 10 11 13 14 15 18 19,0.0,1.0
10_150,data/input_data_10_150_8_new.xlsx,random,Random,1,43,10,11,150,20,12725.778331796344,3665.3642236796645,71.19732775384381,14,0.7666666666666667,0.9266666666666666,1 4 7 9 10 11 12 14 15 19,0 7 8 10 11 13 14 15 18 19,0.0,1.0
10_150,data/input_data_10_150_8_new.xlsx,random,Random,2,44,10,11,150,20,12163.390536741472,3858.752585506522,68.27568288750953,8,0.7933333333333333,0.9266666666666666,0 3 4 5 6 13 16 17 18 19,0 2 4 6 7 8 10 11 13 19,5.276102183174432,0.5384615384615384
10_150,data/input_data_10_150_8_new.xlsx,random,Random,3,45,10,11,150,20,9725.115568105512,3665.3642236796645,62.31032733738823,9,0.8066666666666666,0.9266666666666666,0 1 2 4 5 7 8 13 15 19,0 7 8 10 11 13 14 15 18 19,0.0,1.0
10_150,data/input_data_10_150_8_new.xlsx,random,Random,4,46,10,11,150,20,9043.380333350291,3923.9943554484084,56.609207942107076,12,0.8266666666666667,0.92,0 1 2 4 7 8 9 11 12 18,0 3 4 7 8 9 11 15 18 19,7.056055441854691,0.5384615384615384
10_150,data/input_data_10_150_8_new.xlsx,random,Random,5,47,10,11,150,20,12657.250930009759,3665.3642236796645,71.04138770774264,11,0.7733333333333333,0.9266666666666666,2 4 6 8 9 10 11 12 13 14,0 7 8 10 11 13 14 15 18 19,0.0,1.0
10_150,data/input_data_10_150_8_new.xlsx,random,Random,6,48,10,11,150,20,15089.280303184443,3665.3642236796645,75.70882010253248,12,0.74,0.9266666666666666,2 4 6 9 10 11 12 14 15 17,0 7 8 10 11 13 14 15 18 19,0.0,1.0
10_150,data/input_data_10_150_8_new.xlsx,random,Random,7,49,10,11,150,20,11949.577564554811,3665.3642236796645,69.32641171724785,11,0.78,0.9266666666666666,0 2 3 8 10 11 12 13 15 17,0 7 8 10 11 13 14 15 18 19,0.0,1.0
10_150,data/input_data_10_150_8_new.xlsx,random,Random,8,50,10,11,150,20,17732.872973263475,3665.3642236796645,79.33011628061583,10,0.7066666666666667,0.9266666666666666,1 5 7 8 11 12 13 15 18 19,0 7 8 10 11 13 14 15 18 19,0.0,1.0
10_150,data/input_data_10_150_8_new.xlsx,random,Random,9,51,10,11,150,20,10825.549886506473,3858.752585506522,64.35513552696042,6,0.82,0.9266666666666666,3 4 5 6 7 8 13 16 17 19,0 2 4 6 7 8 10 11 13 19,5.276102183174432,0.5384615384615384
10_150,data/input_data_10_150_8_new.xlsx,random,Random,10,52,10,11,150,20,13386.642936644399,3665.3642236796645,72.61924262096997,10,0.76,0.9266666666666666,0 1 2 6 8 11 12 14 15 16,0 7 8 10 11 13 14 15 18 19,0.0,1.0
10_150,data/input_data_10_150_8_new.xlsx,random,Random,11,53,10,11,150,20,15524.484384982916,3665.3642236796645,76.38978446701115,14,0.72,0.9266666666666666,5 6 7 8 11 14 15 16 17 19,0 7 8 10 11 13 14 15 18 19,0.0,1.0
10_150,data/input_data_10_150_8_new.xlsx,random,Random,12,54,10,11,150,20,14105.33451430247,3665.3642236796645,74.01434031952186,12,0.7666666666666667,0.9266666666666666,3 4 6 7 9 13 14 15 17 18,0 7 8 10 11 13 14 15 18 19,0.0,1.0
10_150,data/input_data_10_150_8_new.xlsx,random,Random,13,55,10,11,150,20,10971.289313835498,3923.9943554484084,64.23397247851261,9,0.7933333333333333,0.92,1 2 4 5 6 9 11 15 17 19,0 3 4 7 8 9 11 15 18 19,7.056055441854691,0.5384615384615384
10_150,data/input_data_10_150_8_new.xlsx,random,Random,14,56,10,11,150,20,15356.006940224732,3665.3642236796645,76.13074650234546,18,0.7466666666666667,0.9266666666666666,0 3 6 8 9 11 12 15 16 17,0 7 8 10 11 13 14 15 18 19,0.0,1.0
10_150,data/input_data_10_150_8_new.xlsx,random,Random,15,57,10,11,150,20,12481.714581907021,3665.3642236796645,70.63412883200499,14,0.8,0.9266666666666666,0 1 4 6 7 10 11 12 15 16,0 7 8 10 11 13 14 15 18 19,0.0,1.0
10_150,data/input_data_10_150_8_new.xlsx,random,Random,16,58,10,11,150,20,9716.132186437357,3858.752585506522,60.28509584407557,8,0.8266666666666667,0.9266666666666666,1 3 4 5 6 7 16 17 18 19,0 2 4 6 7 8 10 11 13 19,5.276102183174432,0.5384615384615384
10_150,data/input_data_10_150_8_new.xlsx,random,Random,17,59,10,11,150,20,10627.603546816445,3665.3642236796645,65.51090556273485,6,0.8266666666666667,0.9266666666666666,0 2 4 7 10 11 13 14 15 16,0 7 8 10 11 13 14 15 18 19,0.0,1.0
10_150,data/input_data_10_150_8_new.xlsx,random,Random,18,60,10,11,150,20,15784.193638671546,3923.9943554484084,75.139722400297,10,0.74,0.92,0 4 5 7 8 9 12 13 15 19,0 3 4 7 8 9 11 15 18 19,7.056055441854691,0.5384615384615384
10_150,data/input_data_10_150_8_new.xlsx,random,Random,19,61,10,11,150,20,14472.098932752595,3665.3642236796645,74.67289132895313,13,0.7533333333333333,0.9266666666666666,0 4 5 6 10 11 12 15 17 18,0 7 8 10 11 13 14 15 18 19,0.0,1.0
10_150,data/input_data_10_150_8_new.xlsx,random,Random,20,62,10,11,150,20,10257.287629657987,3665.3642236796645,64.26575566544896,8,0.82,0.9266666666666666,2 4 5 7 8 10 14 17 18 19,0 7 8 10 11 13 14 15 18 19,0.0,1.0
10_150,data/input_data_10_150_8_new.xlsx,random,Random,21,63,10,11,150,20,15801.328600382862,3665.3642236796645,76.8034428219482,8,0.72,0.9266666666666666,1 6 8 9 10 11 13 14 15 19,0 7 8 10 11 13 14 15 18 19,0.0,1.0
10_150,data/input_data_10_150_8_new.xlsx,random,Random,22,64,10,11,150,20,11432.499588452032,3665.3642236796645,67.93908282855266,11,0.8,0.9266666666666666,0 3 4 6 10 11 12 15 17 18,0 7 8 10 11 13 14 15 18 19,0.0,1.0
10_150,data/input_data_10_150_8_new.xlsx,random,Random,23,65,10,11,150,20,12198.63331476764,3665.3642236796645,69.95266494942199,9,0.7666666666666667,0.9266666666666666,7 8 9 12 13 14 15 16 18 19,0 7 8 10 11 13 14 15 18 19,0.0,1.0
10_150,data/input_data_10_150_8_new.xlsx,random,Random,24,66,10,11,150,20,11302.669200300003,3665.3642236796645,67.57080864064946,8,0.78,0.9266666666666666,1 2 4 7 8 9 12 13 14 15,0 7 8 10 11 13 14 15 18 19,0.0,1.0
10_150,data/input_data_10_150_8_new.xlsx,random,Random,25,67,10,11,150,20,14105.33451430247,3665.3642236796645,74.01434031952186,13,0.7666666666666667,0.9266666666666666,2 3 4 6 7 9 13 14 15 17,0 7 8 10 11 13 14 15 18 19,0.0,1.0
10_150,data/input_data_10_150_8_new.xlsx,random,Random,26,68,10,11,150,20,17042.88955417216,3665.3642236796645,78.49329356956157,8,0.7133333333333334,0.9266666666666666,3 4 5 7 10 11 13 14 16 18,0 7 8 10 11 13 14 15 18 19,0.0,1.0
10_150,data/input_data_10_150_8_new.xlsx,random,Random,27,69,10,11,150,20,14335.885809916617,3923.9943554484084,72.62816956358533,15,0.7466666666666667,0.92,1 2 3 5 6 8 11 12 13 17,0 3 4 7 8 9 11 15 18 19,7.056055441854691,0.5384615384615384
10_150,data/input_data_10_150_8_new.xlsx,random,Random,28,70,10,11,150,20,17055.26853604493,3665.3642236796645,78.50890347499828,17,0.7133333333333334,0.9266666666666666,1 2 3 4 5 9 10 11 14 17,0 7 8 10 11 13 14 15 18 19,0.0,1.0
10_150,data/input_data_10_150_8_new.xlsx,random,Random,29,71,10,11,150,20,27404.7718629682,3665.3642236796645,86.62508762339804,13,0.62,0.9266666666666666,0 1 3 4 8 10 12 13 15 16,0 7 8 10 11 13 14 15 18 19,0.0,1.0
10_150,data/input_data_10_150_8_new.xlsx,random,Random,30,72,10,11,150,20,10948.212838000276,3665.3642236796645,66.5208899578796,11,0.7933333333333333,0.9266666666666666,2 5 9 10 11 14 15 16 17 19,0 7 8 10 11 13 14 15 18 19,0.0,1.0
10_150,data/input_data_10_150_8_new.xlsx,random,Random,31,73,10,11,150,20,16073.324342266313,3665.3642236796645,77.19597921606518,15,0.7066666666666667,0.9266666666666666,1 3 4 5 7 8 9 14 15 16,0 7 8 10 11 13 14 15 18 19,0.0,1.0
10_150,data/input_data_10_150_8_new.xlsx,random,Random,32,74,10,11,150,20,13032.933842642231,3665.3642236796645,71.87613880393513,13,0.76,0.9266666666666666,2 3 4 5 10 12 15 16 17 19,0 7 8 10 11 13 14 15 18 19,0.0,1.0
10_150,data/input_data_10_150_8_new.xlsx,random,Random,33,75,10,11,150,20,12742.791997003415,3665.3642236796645,71.23578392755992,8,0.7733333333333333,0.9266666666666666,1 8 10 11 12 13 14 16 18 19,0 7 8 10 11 13 14 15 18 19,0.0,1.0
10_150,data/input_data_10_150_8_new.xlsx,random,Random,34,76,10,11,150,20,16035.572821880069,3665.3642236796645,77.14229317284891,21,0.7333333333333333,0.9266666666666666,0 3 4 6 9 11 12 14 16 19,0 7 8 10 11 13 14 15 18 19,0.0,1.0
10_150,data/input_data_10_150_8_new.xlsx,random,Random,35,77,10,11,150,20,10816.831604695733,3858.752585506522,64.32640604452615,9,0.82,0.9266666666666666,1 4 6 7 8 10 13 16 17 19,0 2 4 6 7 8 10 11 13 19,5.276102183174432,0.5384615384615384
10_150,data/input_data_10_150_8_new.xlsx,random,Random,36,78,10,11,150,20,19864.831390793694,3665.3642236796645,81.54847553662918,11,0.72,0.9266666666666666,0 2 3 6 8 9 10 12 13 14,0 7 8 10 11 13 14 15 18 19,0.0,1.0
10_150,data/input_data_10_150_8_new.xlsx,random,Random,37,79,10,11,150,20,10514.96153664466,3665.3642236796645,65.14143954872434,9,0.8133333333333334,0.9266666666666666,2 3 4 5 7 11 13 14 15 17,0 7 8 10 11 13 14 15 18 19,0.0,1.0
10_150,data/input_data_10_150_8_new.xlsx,random,Random,38,80,10,11,150,20,16407.456566467,3665.3642236796645,77.66037527613628,11,0.7066666666666667,0.9266666666666666,0 5 6 8 11 12 13 14 17 19,0 7 8 10 11 13 14 15 18 19,0.0,1.0
10_150,data/input_data_10_150_8_new.xlsx,random,Random,39,81,10,11,150,20,7771.373100256496,3665.3642236796645,52.83505017203861,6,0.8533333333333334,0.9266666666666666,0 2 7 10 12 13 14 15 16 19,0 7 8 10 11 13 14 15 18 19,0.0,1.0
10_150,data/input_data_10_150_8_new.xlsx,random,Random,40,82,10,11,150,20,23824.233231745657,3665.3642236796645,84.61497506330828,11,0.66,0.9266666666666666,2 4 5 9 10 12 13 15 16 19,0 7 8 10 11 13 14 15 18 19,0.0,1.0
10_150,data/input_data_10_150_8_new.xlsx,random,Random,41,83,10,11,150,20,12308.154458966974,3665.3642236796645,70.22003391410722,7,0.7866666666666666,0.9266666666666666,0 2 3 4 10 11 12 14 15 18,0 7 8 10 11 13 14 15 18 19,0.0,1.0
10_150,data/input_data_10_150_8_new.xlsx,random,Random,42,84,10,11,150,20,17108.38815856129,3923.9943554484084,77.06391555369999,11,0.7266666666666667,0.92,0 1 3 7 8 9 10 12 13 15,0 3 4 7 8 9 11 15 18 19,7.056055441854691,0.5384615384615384
10_150,data/input_data_10_150_8_new.xlsx,random,Random,43,85,10,11,150,20,18079.293015483236,3665.3642236796645,79.72617501945115,12,0.6866666666666666,0.9266666666666666,3 5 6 7 9 10 12 13 15 19,0 7 8 10 11 13 14 15 18 19,0.0,1.0
10_150,data/input_data_10_150_8_new.xlsx,random,Random,44,86,10,11,150,20,11678.602986290463,3665.3642236796645,68.61470307722215,9,0.7933333333333333,0.9266666666666666,0 2 4 8 10 11 14 17 18 19,0 7 8 10 11 13 14 15 18 19,0.0,1.0
10_150,data/input_data_10_150_8_new.xlsx,random,Random,45,87,10,11,150,20,14414.664749486548,3923.9943554484084,72.77776192756629,12,0.76,0.92,3 4 5 6 8 10 12 13 15 17,0 3 4 7 8 9 11 15 18 19,7.056055441854691,0.5384615384615384
10_150,data/input_data_10_150_8_new.xlsx,random,Random,46,88,10,11,150,20,14909.967321294185,3665.3642236796645,75.41668506244915,17,0.7533333333333333,0.9266666666666666,0 5 6 8 10 11 12 15 16 19,0 7 8 10 11 13 14 15 18 19,0.0,1.0
10_150,data/input_data_10_150_8_new.xlsx,random,Random,47,89,10,11,150,20,12515.808039455924,3665.3642236796645,70.71412239525687,9,0.78,0.9266666666666666,2 3 4 5 6 8 11 13 15 19,0 7 8 10 11 13 14 15 18 19,0.0,1.0
10_150,data/input_data_10_150_8_new.xlsx,random,Random,48,90,10,11,150,20,10554.619205099283,3665.3642236796645,65.2724162525086,15,0.8066666666666666,0.9266666666666666,2 4 6 7 9 11 12 15 16 17,0 7 8 10 11 13 14 15 18 19,0.0,1.0
10_150,data/input_data_10_150_8_new.xlsx,random,Random,49,91,10,11,150,20,13904.884586718472,3665.3642236796645,73.63973644786157,12,0.7533333333333333,0.9266666666666666,2 5 7 11 12 13 14 15 17 18,0 7 8 10 11 13 14 15 18 19,0.0,1.0
10_150,data/input_data_10_150_8_new.xlsx,density_topk,Density,0,42,10,11,150,20,17689.00208385691,3665.3642236796645,79.2788524400441,11,0.7,0.9266666666666666,0 5 6 8 9 10 12 14 17 19,0 7 8 10 11 13 14 15 18 19,0.0,1.0
10_150,data/input_data_10_150_8_new.xlsx,distance_sum,DistSum,0,42,10,11,150,20,20733.929598793504,3665.3642236796645,82.32190282013424,13,0.66,0.9266666666666666,0 4 5 6 9 10 12 14 17 19,0 7 8 10 11 13 14 15 18 19,0.0,1.0
10_150,data/input_data_10_150_8_new.xlsx,greedy_marginal,Greedy,0,42,10,11,150,20,4247.549799926624,4247.549799926624,0.0,0,0.9133333333333333,0.9133333333333333,0 2 3 4 7 8 11 14 15 19,0 2 3 4 7 8 11 14 15 19,15.883430423798432,0.5384615384615384
10_150,data/input_data_10_150_8_new.xlsx,density_diverse,Diverse,0,42,10,11,150,20,14693.88711633506,3665.3642236796645,75.05517638280402,11,0.7466666666666667,0.9266666666666666,0 5 6 8 9 10 12 14 17 18,0 7 8 10 11 13 14 15 18 19,0.0,1.0
10_180,data/input_data_10_180_8_new.xlsx,random,Random,0,42,10,10,180,20,16100.510430667291,5103.638984267238,68.30138394528083,14,0.7611111111111111,0.9111111111111111,0 1 2 3 7 8 10 11 16 17,4 7 8 9 13 15 16 17 18 19,16.826011195009645,0.3333333333333333
10_180,data/input_data_10_180_8_new.xlsx,random,Random,1,43,10,10,180,20,15239.623295436872,4368.581048057939,71.33406145697839,12,0.7666666666666667,0.9277777777777778,1 4 7 9 10 11 12 14 15 19,0 2 7 8 10 11 13 14 15 19,0.0,1.0
10_180,data/input_data_10_180_8_new.xlsx,random,Random,2,44,10,10,180,20,13979.805321619238,5103.638984267238,63.492774993263644,6,0.8,0.9111111111111111,0 3 4 5 6 13 16 17 18 19,4 7 8 9 13 15 16 17 18 19,16.826011195009645,0.3333333333333333
10_180,data/input_data_10_180_8_new.xlsx,random,Random,3,45,10,10,180,20,10812.230355665035,4368.581048057939,59.5959306789183,7,0.8222222222222222,0.9277777777777778,0 1 2 4 5 7 8 13 15 19,0 2 7 8 10 11 13 14 15 19,0.0,1.0
10_180,data/input_data_10_180_8_new.xlsx,random,Random,4,46,10,10,180,20,11299.125108569475,4463.6277089335645,60.49581125933137,12,0.8222222222222222,0.9222222222222223,0 1 2 4 7 8 9 11 12 18,0 3 4 7 8 9 11 15 18 19,2.175687250162802,0.42857142857142855
10_180,data/input_data_10_180_8_new.xlsx,random,Random,5,47,10,10,180,20,14755.255663895352,4368.581048057939,70.3930508046199,9,0.7777777777777778,0.9277777777777778,2 4 6 8 9 10 11 12 13 14,0 2 7 8 10 11 13 14 15 19,0.0,1.0
10_180,data/input_data_10_180_8_new.xlsx,random,Random,6,48,10,10,180,20,17034.713149367606,4368.581048057939,74.35483057594007,10,0.7555555555555555,0.9277777777777778,2 4 6 9 10 11 12 14 15 17,0 2 7 8 10 11 13 14 15 19,0.0,1.0
10_180,data/input_data_10_180_8_new.xlsx,random,Random,7,49,10,10,180,20,12324.74413965987,4368.581048057939,64.55438751056701,11,0.8111111111111111,0.9277777777777778,0 2 3 8 10 11 12 13 15 17,0 2 7 8 10 11 13 14 15 19,0.0,1.0
10_180,data/input_data_10_180_8_new.xlsx,random,Random,8,50,10,10,180,20,20821.101919886383,4463.6277089335645,78.56200057946828,8,0.7111111111111111,0.9222222222222223,1 5 7 8 11 12 13 15 18 19,0 3 4 7 8 9 11 15 18 19,2.175687250162802,0.42857142857142855
10_180,data/input_data_10_180_8_new.xlsx,random,Random,9,51,10,10,180,20,14241.128910009083,4368.581048057939,69.32419420073101,8,0.8055555555555556,0.9277777777777778,3 4 5 6 7 8 13 16 17 19,0 2 7 8 10 11 13 14 15 19,0.0,1.0
10_180,data/input_data_10_180_8_new.xlsx,random,Random,10,52,10,10,180,20,13796.562063816495,4368.581048057939,68.3357272061626,9,0.7944444444444444,0.9277777777777778,0 1 2 6 8 11 12 14 15 16,0 2 7 8 10 11 13 14 15 19,0.0,1.0
10_180,data/input_data_10_180_8_new.xlsx,random,Random,11,53,10,10,180,20,17829.35754770518,4368.581048057939,75.49782129631352,13,0.7333333333333333,0.9277777777777778,5 6 7 8 11 14 15 16 17 19,0 2 7 8 10 11 13 14 15 19,0.0,1.0
10_180,data/input_data_10_180_8_new.xlsx,random,Random,12,54,10,10,180,20,17265.485070360366,4368.581048057939,74.69760606055908,12,0.7666666666666667,0.9277777777777778,3 4 6 7 9 13 14 15 17 18,0 2 7 8 10 11 13 14 15 19,0.0,1.0
10_180,data/input_data_10_180_8_new.xlsx,random,Random,13,55,10,10,180,20,12013.684328569296,4463.6277089335645,62.845471989647855,8,0.8111111111111111,0.9222222222222223,1 2 4 5 6 9 11 15 17 19,0 3 4 7 8 9 11 15 18 19,2.175687250162802,0.42857142857142855
10_180,data/input_data_10_180_8_new.xlsx,random,Random,14,56,10,10,180,20,17587.840897406208,5103.638984267238,70.98200390805273,11,0.7611111111111111,0.9111111111111111,0 3 6 8 9 11 12 15 16 17,4 7 8 9 13 15 16 17 18 19,16.826011195009645,0.3333333333333333
10_180,data/input_data_10_180_8_new.xlsx,random,Random,15,57,10,10,180,20,15148.25743958947,4368.581048057939,71.16116447400216,8,0.8,0.9277777777777778,0 1 4 6 7 10 11 12 15 16,0 2 7 8 10 11 13 14 15 19,0.0,1.0
10_180,data/input_data_10_180_8_new.xlsx,random,Random,16,58,10,10,180,20,11951.65735720018,5103.638984267238,57.29764641225602,6,0.8222222222222222,0.9111111111111111,1 3 4 5 6 7 16 17 18 19,4 7 8 9 13 15 16 17 18 19,16.826011195009645,0.3333333333333333
10_180,data/input_data_10_180_8_new.xlsx,random,Random,17,59,10,10,180,20,12915.361569976683,4368.581048057939,66.1753097318372,5,0.8277777777777777,0.9277777777777778,0 2 4 7 10 11 13 14 15 16,0 2 7 8 10 11 13 14 15 19,0.0,1.0
10_180,data/input_data_10_180_8_new.xlsx,random,Random,18,60,10,10,180,20,18835.06592119798,4463.6277089335645,76.30150206211935,11,0.7444444444444445,0.9222222222222223,0 4 5 7 8 9 12 13 15 19,0 3 4 7 8 9 11 15 18 19,2.175687250162802,0.42857142857142855
10_180,data/input_data_10_180_8_new.xlsx,random,Random,19,61,10,10,180,20,16753.469135229574,4368.581048057939,73.92431971673504,13,0.7611111111111111,0.9277777777777778,0 4 5 6 10 11 12 15 17 18,0 2 7 8 10 11 13 14 15 19,0.0,1.0
10_180,data/input_data_10_180_8_new.xlsx,random,Random,20,62,10,10,180,20,12827.944425415095,4368.581048057939,65.9448084339781,8,0.8111111111111111,0.9277777777777778,2 4 5 7 8 10 14 17 18 19,0 2 7 8 10 11 13 14 15 19,0.0,1.0
10_180,data/input_data_10_180_8_new.xlsx,random,Random,21,63,10,10,180,20,18421.388481334976,4368.581048057939,76.2852781022218,8,0.7277777777777777,0.9277777777777778,1 6 8 9 10 11 13 14 15 19,0 2 7 8 10 11 13 14 15 19,0.0,1.0
10_180,data/input_data_10_180_8_new.xlsx,random,Random,22,64,10,10,180,20,12600.052468704125,4368.581048057939,65.32886621775128,11,0.8166666666666667,0.9277777777777778,0 3 4 6 10 11 12 15 17 18,0 2 7 8 10 11 13 14 15 19,0.0,1.0
10_180,data/input_data_10_180_8_new.xlsx,random,Random,23,65,10,10,180,20,13907.167666414749,4368.581048057939,68.58755748945282,10,0.7777777777777778,0.9277777777777778,7 8 9 12 13 14 15 16 18 19,0 2 7 8 10 11 13 14 15 19,0.0,1.0
10_180,data/input_data_10_180_8_new.xlsx,random,Random,24,66,10,10,180,20,13047.401481989391,4368.581048057939,66.51761613921116,6,0.7888888888888889,0.9277777777777778,1 2 4 7 8 9 12 13 14 15,0 2 7 8 10 11 13 14 15 19,0.0,1.0
10_180,data/input_data_10_180_8_new.xlsx,random,Random,25,67,10,10,180,20,16929.547714066553,4368.581048057939,74.19552416968507,11,0.7722222222222223,0.9277777777777778,2 3 4 6 7 9 13 14 15 17,0 2 7 8 10 11 13 14 15 19,0.0,1.0
10_180,data/input_data_10_180_8_new.xlsx,random,Random,26,68,10,10,180,20,21160.168312849994,4368.581048057939,79.3546961277949,10,0.7055555555555556,0.9277777777777778,3 4 5 7 10 11 13 14 16 18,0 2 7 8 10 11 13 14 15 19,0.0,1.0
10_180,data/input_data_10_180_8_new.xlsx,random,Random,27,69,10,10,180,20,16734.71350827535,4368.581048057939,73.89509509142378,11,0.7555555555555555,0.9277777777777778,1 2 3 5 6 8 11 12 13 17,0 2 7 8 10 11 13 14 15 19,0.0,1.0
10_180,data/input_data_10_180_8_new.xlsx,random,Random,28,70,10,10,180,20,19615.53344958616,4368.581048057939,77.72897148433094,13,0.7277777777777777,0.9277777777777778,1 2 3 4 5 9 10 11 14 17,0 2 7 8 10 11 13 14 15 19,0.0,1.0
10_180,data/input_data_10_180_8_new.xlsx,random,Random,29,71,10,10,180,20,31393.247270232674,4368.581048057939,86.0843288671183,13,0.6388888888888888,0.9277777777777778,0 1 3 4 8 10 12 13 15 16,0 2 7 8 10 11 13 14 15 19,0.0,1.0
10_180,data/input_data_10_180_8_new.xlsx,random,Random,30,72,10,10,180,20,11954.990932093184,4368.581048057939,63.45809818784153,10,0.8111111111111111,0.9277777777777778,2 5 9 10 11 14 15 16 17 19,0 2 7 8 10 11 13 14 15 19,0.0,1.0
10_180,data/input_data_10_180_8_new.xlsx,random,Random,31,73,10,10,180,20,19095.958417412214,4368.581048057939,77.12300711717853,13,0.7111111111111111,0.9277777777777778,1 3 4 5 7 8 9 14 15 16,0 2 7 8 10 11 13 14 15 19,0.0,1.0
10_180,data/input_data_10_180_8_new.xlsx,random,Random,32,74,10,10,180,20,14054.055346806683,4368.581048057939,68.9158684788405,15,0.7833333333333333,0.9277777777777778,2 3 4 5 10 12 15 16 17 19,0 2 7 8 10 11 13 14 15 19,0.0,1.0
10_180,data/input_data_10_180_8_new.xlsx,random,Random,33,75,10,10,180,20,16225.997492601928,4368.581048057939,73.07665645794813,9,0.7611111111111111,0.9277777777777778,1 8 10 11 12 13 14 16 18 19,0 2 7 8 10 11 13 14 15 19,0.0,1.0
10_180,data/input_data_10_180_8_new.xlsx,random,Random,34,76,10,10,180,20,18901.532080584035,4368.581048057939,76.8876881015089,20,0.7388888888888889,0.9277777777777778,0 3 4 6 9 11 12 14 16 19,0 2 7 8 10 11 13 14 15 19,0.0,1.0
10_180,data/input_data_10_180_8_new.xlsx,random,Random,35,77,10,10,180,20,14284.83857631827,4368.581048057939,69.41805800101744,8,0.8055555555555556,0.9277777777777778,1 4 6 7 8 10 13 16 17 19,0 2 7 8 10 11 13 14 15 19,0.0,1.0
10_180,data/input_data_10_180_8_new.xlsx,random,Random,36,78,10,10,180,20,23370.021302973746,4368.581048057939,81.30690172925922,9,0.7222222222222222,0.9277777777777778,0 2 3 6 8 9 10 12 13 14,0 2 7 8 10 11 13 14 15 19,0.0,1.0
10_180,data/input_data_10_180_8_new.xlsx,random,Random,37,79,10,10,180,20,12445.459342704686,4368.581048057939,64.89819356793186,8,0.8166666666666667,0.9277777777777778,2 3 4 5 7 11 13 14 15 17,0 2 7 8 10 11 13 14 15 19,0.0,1.0
10_180,data/input_data_10_180_8_new.xlsx,random,Random,38,80,10,10,180,20,20109.307606834573,4368.581048057939,78.27582563522384,12,0.7055555555555556,0.9277777777777778,0 5 6 8 11 12 13 14 17 19,0 2 7 8 10 11 13 14 15 19,0.0,1.0
10_180,data/input_data_10_180_8_new.xlsx,random,Random,39,81,10,10,180,20,8790.05681134044,4368.581048057939,50.30087811921943,5,0.8611111111111112,0.9277777777777778,0 2 7 10 12 13 14 15 16 19,0 2 7 8 10 11 13 14 15 19,0.0,1.0
10_180,data/input_data_10_180_8_new.xlsx,random,Random,40,82,10,10,180,20,26919.747285913516,4368.581048057939,83.77183484800425,12,0.6777777777777778,0.9277777777777778,2 4 5 9 10 12 13 15 16 19,0 2 7 8 10 11 13 14 15 19,0.0,1.0
10_180,data/input_data_10_180_8_new.xlsx,random,Random,41,83,10,10,180,20,13139.769982925254,4368.581048057939,66.75298689600515,8,0.8111111111111111,0.9277777777777778,0 2 3 4 10 11 12 14 15 18,0 2 7 8 10 11 13 14 15 19,0.0,1.0
10_180,data/input_data_10_180_8_new.xlsx,random,Random,42,84,10,10,180,20,19925.350435962664,4463.6277089335645,77.59824740207682,10,0.7388888888888889,0.9222222222222223,0 1 3 7 8 9 10 12 13 15,0 3 4 7 8 9 11 15 18 19,2.175687250162802,0.42857142857142855
10_180,data/input_data_10_180_8_new.xlsx,random,Random,43,85,10,10,180,20,21510.184449792414,4368.581048057939,79.69063883085346,11,0.6888888888888889,0.9277777777777778,3 5 6 7 9 10 12 13 15 19,0 2 7 8 10 11 13 14 15 19,0.0,1.0
10_180,data/input_data_10_180_8_new.xlsx,random,Random,44,86,10,10,180,20,14237.29193696428,4368.581048057939,69.31592702179695,10,0.7888888888888889,0.9277777777777778,0 2 4 8 10 11 14 17 18 19,0 2 7 8 10 11 13 14 15 19,0.0,1.0
10_180,data/input_data_10_180_8_new.xlsx,random,Random,45,87,10,10,180,20,16465.83407217423,5460.04769977405,66.84013894564238,5,0.7722222222222223,0.9111111111111111,3 4 5 6 8 10 12 13 15 17,2 4 6 7 8 10 12 13 15 17,24.984466116322228,0.42857142857142855
10_180,data/input_data_10_180_8_new.xlsx,random,Random,46,88,10,10,180,20,17379.046593006224,4368.581048057939,74.86294184966413,12,0.7611111111111111,0.9277777777777778,0 5 6 8 10 11 12 15 16 19,0 2 7 8 10 11 13 14 15 19,0.0,1.0
10_180,data/input_data_10_180_8_new.xlsx,random,Random,47,89,10,10,180,20,13959.020137430358,4368.581048057939,68.70424281183014,7,0.7944444444444444,0.9277777777777778,2 3 4 5 6 8 11 13 15 19,0 2 7 8 10 11 13 14 15 19,0.0,1.0
10_180,data/input_data_10_180_8_new.xlsx,random,Random,48,90,10,10,180,20,11777.40198679955,5103.638984267238,56.66583351754875,9,0.8222222222222222,0.9111111111111111,2 4 6 7 9 11 12 15 16 17,4 7 8 9 13 15 16 17 18 19,16.826011195009645,0.3333333333333333
10_180,data/input_data_10_180_8_new.xlsx,random,Random,49,91,10,10,180,20,16313.591347027017,4368.581048057939,73.22121809276493,12,0.7611111111111111,0.9277777777777778,2 5 7 11 12 13 14 15 17 18,0 2 7 8 10 11 13 14 15 19,0.0,1.0
10_180,data/input_data_10_180_8_new.xlsx,density_topk,Density,0,42,10,10,180,20,16525.886141613988,4368.581048057939,73.56522360965943,9,0.7611111111111111,0.9277777777777778,0 5 6 8 10 12 14 17 18 19,0 2 7 8 10 11 13 14 15 19,0.0,1.0
10_180,data/input_data_10_180_8_new.xlsx,distance_sum,DistSum,0,42,10,10,180,20,24679.822990481778,4368.581048057939,82.29897738835987,14,0.6611111111111111,0.9277777777777778,0 4 5 6 9 10 12 14 17 19,0 2 7 8 10 11 13 14 15 19,0.0,1.0
10_180,data/input_data_10_180_8_new.xlsx,greedy_marginal,Greedy,0,42,10,10,180,20,4368.581048057939,4368.581048057939,0.0,0,0.9277777777777778,0.9277777777777778,0 2 7 8 10 11 13 14 15 19,0 2 7 8 10 11 13 14 15 19,0.0,1.0
10_180,data/input_data_10_180_8_new.xlsx,density_diverse,Diverse,0,42,10,10,180,20,16525.886141613988,4368.581048057939,73.56522360965943,9,0.7611111111111111,0.9277777777777778,0 5 6 8 10 12 14 17 18 19,0 2 7 8 10 11 13 14 15 19,0.0,1.0
5_130,data/input_data_5_130_8_new.xlsx,random,Random,0,42,5,6,130,10,23187.259749371515,19326.355670754936,16.65097178514692,2,0.5538461538461539,0.6230769230769231,0 1 4 6 9,0 3 4 6 7,0.0,1.0
5_130,data/input_data_5_130_8_new.xlsx,random,Random,1,43,5,6,130,10,24162.331150699618,19326.355670754936,20.014523639225335,1,0.6,0.6230769230769231,0 2 3 4 7,0 3 4 6 7,0.0,1.0
5_130,data/input_data_5_130_8_new.xlsx,random,Random,2,44,5,6,130,10,45895.38852342284,19326.355670754936,57.890419293668955,4,0.36153846153846153,0.6230769230769231,1 3 6 7 8,0 3 4 6 7,0.0,1.0
5_130,data/input_data_5_130_8_new.xlsx,random,Random,3,45,5,6,130,10,29898.582088334144,19326.355670754936,35.36029362979153,3,0.5538461538461539,0.6230769230769231,0 2 4 6 7,0 3 4 6 7,0.0,1.0
5_130,data/input_data_5_130_8_new.xlsx,random,Random,4,46,5,6,130,10,30939.660128858348,19326.355670754936,37.5353329989276,5,0.4846153846153846,0.6230769230769231,0 1 4 6 8,0 3 4 6 7,0.0,1.0
5_130,data/input_data_5_130_8_new.xlsx,random,Random,5,47,5,6,130,10,36061.26003841179,19326.355670754936,46.406876381555,2,0.4076923076923077,0.6230769230769231,1 3 4 5 6,0 3 4 6 7,0.0,1.0
5_130,data/input_data_5_130_8_new.xlsx,random,Random,6,48,5,6,130,10,34048.25021086048,19326.355670754936,43.2383292795753,5,0.45384615384615384,0.6230769230769231,2 4 5 8 9,0 3 4 6 7,0.0,1.0
5_130,data/input_data_5_130_8_new.xlsx,random,Random,7,49,5,6,130,10,24639.93675053193,19326.355670754936,21.564913634213305,3,0.5384615384615384,0.6230769230769231,0 1 2 5 6,0 3 4 6 7,0.0,1.0
5_130,data/input_data_5_130_8_new.xlsx,random,Random,8,50,5,6,130,10,36234.829985197815,19326.355670754936,46.66359500334377,6,0.46153846153846156,0.6230769230769231,1 4 5 7 9,0 3 4 6 7,0.0,1.0
5_130,data/input_data_5_130_8_new.xlsx,random,Random,9,51,5,6,130,10,46133.53756972475,19326.355670754936,58.10779600080375,6,0.3384615384615385,0.6230769230769231,1 2 3 6 8,0 3 4 6 7,0.0,1.0
5_130,data/input_data_5_130_8_new.xlsx,random,Random,10,52,5,6,130,10,29898.582088334144,19326.355670754936,35.36029362979153,3,0.5538461538461539,0.6230769230769231,0 2 4 6 7,0 3 4 6 7,0.0,1.0
5_130,data/input_data_5_130_8_new.xlsx,random,Random,11,53,5,6,130,10,34177.04410811194,19326.355670754936,43.45223182666106,6,0.4846153846153846,0.6230769230769231,3 4 5 7 9,0 3 4 6 7,0.0,1.0
5_130,data/input_data_5_130_8_new.xlsx,random,Random,12,54,5,6,130,10,27801.8894059555,19326.355670754936,30.485459500407195,1,0.5153846153846153,0.6230769230769231,2 3 4 6 7,0 3 4 6 7,0.0,1.0
5_130,data/input_data_5_130_8_new.xlsx,random,Random,13,55,5,6,130,10,44362.10368701802,19326.355670754936,56.434988279398176,4,0.4153846153846154,0.6230769230769231,1 2 3 5 7,0 3 4 6 7,0.0,1.0
5_130,data/input_data_5_130_8_new.xlsx,random,Random,14,56,5,6,130,10,26592.559905862403,19326.355670754936,27.324199929716478,3,0.5384615384615384,0.6230769230769231,0 4 5 7 8,0 3 4 6 7,0.0,1.0
5_130,data/input_data_5_130_8_new.xlsx,random,Random,15,57,5,6,130,10,26274.83765102669,19326.355670754936,26.445385020296182,3,0.5615384615384615,0.6230769230769231,0 1 4 5 9,0 3 4 6 7,0.0,1.0
5_130,data/input_data_5_130_8_new.xlsx,random,Random,16,58,5,6,130,10,37563.4036433426,19326.355670754936,48.55004127353575,7,0.4230769230769231,0.6230769230769231,3 5 6 8 9,0 3 4 6 7,0.0,1.0
5_130,data/input_data_5_130_8_new.xlsx,random,Random,17,59,5,6,130,10,29572.752378598554,19326.355670754936,34.648099631263314,3,0.5,0.6230769230769231,0 1 3 7 8,0 3 4 6 7,0.0,1.0
5_130,data/input_data_5_130_8_new.xlsx,random,Random,18,60,5,6,130,10,35697.8360413304,19326.355670754936,45.86126831783534,5,0.47692307692307695,0.6230769230769231,1 2 4 7 9,0 3 4 6 7,0.0,1.0
5_130,data/input_data_5_130_8_new.xlsx,random,Random,19,61,5,6,130,10,30387.216899530617,19326.355670754936,36.399717898964724,4,0.47692307692307695,0.6230769230769231,2 3 6 7 8,0 3 4 6 7,0.0,1.0
5_130,data/input_data_5_130_8_new.xlsx,random,Random,20,62,5,6,130,10,30542.235354201533,19326.355670754936,36.72252391933614,7,0.49230769230769234,0.6230769230769231,1 2 6 7 9,0 3 4 6 7,0.0,1.0
5_130,data/input_data_5_130_8_new.xlsx,random,Random,21,63,5,6,130,10,33433.27071855772,19326.355670754936,42.194241677864,4,0.5,0.6230769230769231,2 3 4 7 9,0 3 4 6 7,0.0,1.0
5_130,data/input_data_5_130_8_new.xlsx,random,Random,22,64,5,6,130,10,31134.844205202615,19326.355670754936,37.926923470760414,3,0.47692307692307695,0.6230769230769231,1 4 5 6 7,0 3 4 6 7,0.0,1.0
5_130,data/input_data_5_130_8_new.xlsx,random,Random,23,65,5,6,130,10,32770.43112822519,19326.355670754936,41.025018575025285,6,0.46153846153846156,0.6230769230769231,1 4 6 7 8,0 3 4 6 7,0.0,1.0
5_130,data/input_data_5_130_8_new.xlsx,random,Random,24,66,5,6,130,10,31833.61619812763,19326.355670754936,39.289474527585526,2,0.43846153846153846,0.6230769230769231,1 3 4 6 9,0 3 4 6 7,0.0,1.0
5_130,data/input_data_5_130_8_new.xlsx,random,Random,25,67,5,6,130,10,41515.06372910374,19326.355670754936,53.44736600462839,6,0.4,0.6230769230769231,1 3 6 7 9,0 3 4 6 7,0.0,1.0
5_130,data/input_data_5_130_8_new.xlsx,random,Random,26,68,5,6,130,10,32770.43112822519,19326.355670754936,41.025018575025285,6,0.46153846153846156,0.6230769230769231,1 4 6 7 8,0 3 4 6 7,0.0,1.0
5_130,data/input_data_5_130_8_new.xlsx,random,Random,27,69,5,6,130,10,28283.5403722095,19326.355670754936,31.669248557919595,4,0.5307692307692308,0.6230769230769231,0 1 2 4 9,0 3 4 6 7,0.0,1.0
5_130,data/input_data_5_130_8_new.xlsx,random,Random,28,70,5,6,130,10,36617.08337572514,19326.355670754936,47.22038488852689,4,0.4461538461538462,0.6230769230769231,1 3 4 7 9,0 3 4 6 7,0.0,1.0
5_130,data/input_data_5_130_8_new.xlsx,random,Random,29,71,5,6,130,10,24446.45293122625,19326.355670754936,20.944131546917575,4,0.5384615384615384,0.6230769230769231,0 1 2 5 8,0 3 4 6 7,0.0,1.0
5_130,data/input_data_5_130_8_new.xlsx,random,Random,30,72,5,6,130,10,36568.323370825936,19326.355670754936,47.15000883476811,5,0.45384615384615384,0.6230769230769231,1 2 4 5 7,0 3 4 6 7,0.0,1.0
5_130,data/input_data_5_130_8_new.xlsx,random,Random,31,73,5,6,130,10,29739.897721246853,19326.355670754936,35.015392951577795,6,0.5,0.6230769230769231,1 4 7 8 9,0 3 4 6 7,0.0,1.0
5_130,data/input_data_5_130_8_new.xlsx,random,Random,32,74,5,6,130,10,23864.796717506477,19326.355670754936,19.017304444174382,4,0.5461538461538461,0.6230769230769231,0 1 2 8 9,0 3 4 6 7,0.0,1.0
5_130,data/input_data_5_130_8_new.xlsx,random,Random,33,75,5,6,130,10,35164.79498290448,19326.355670754936,45.04061326064739,8,0.45384615384615384,0.6230769230769231,0 5 6 7 9,0 3 4 6 7,0.0,1.0
5_130,data/input_data_5_130_8_new.xlsx,random,Random,34,76,5,6,130,10,31425.76687523476,19326.355670754936,38.50156227695696,4,0.46923076923076923,0.6230769230769231,1 2 5 6 7,0 3 4 6 7,0.0,1.0
5_130,data/input_data_5_130_8_new.xlsx,random,Random,35,77,5,6,130,10,36061.26003841179,19326.355670754936,46.406876381555,2,0.4076923076923077,0.6230769230769231,1 3 4 5 6,0 3 4 6 7,0.0,1.0
5_130,data/input_data_5_130_8_new.xlsx,random,Random,36,78,5,6,130,10,36061.26003841179,19326.355670754936,46.406876381555,2,0.4076923076923077,0.6230769230769231,1 3 4 5 6,0 3 4 6 7,0.0,1.0
5_130,data/input_data_5_130_8_new.xlsx,random,Random,37,79,5,6,130,10,36568.323370825936,19326.355670754936,47.15000883476811,5,0.45384615384615384,0.6230769230769231,1 2 4 5 7,0 3 4 6 7,0.0,1.0
5_130,data/input_data_5_130_8_new.xlsx,random,Random,38,80,5,6,130,10,44970.95693138146,19326.355670754936,57.02480669859018,6,0.4153846153846154,0.6230769230769231,2 4 6 7 8,0 3 4 6 7,0.0,1.0
5_130,data/input_data_5_130_8_new.xlsx,random,Random,39,81,5,6,130,10,38257.47015374336,19326.355670754936,49.48344573467851,6,0.4,0.6230769230769231,4 5 6 7 8,0 3 4 6 7,0.0,1.0
5_130,data/input_data_5_130_8_new.xlsx,random,Random,40,82,5,6,130,10,29795.290181168093,19326.355670754936,35.13620591293981,2,0.49230769230769234,0.6230769230769231,1 2 4 6 7,0 3 4 6 7,0.0,1.0
5_130,data/input_data_5_130_8_new.xlsx,random,Random,41,83,5,6,130,10,39709.24408180855,19326.355670754936,51.330336002017596,5,0.4,0.6230769230769231,1 3 7 8 9,0 3 4 6 7,0.0,1.0
5_130,data/input_data_5_130_8_new.xlsx,random,Random,42,84,5,6,130,10,31106.915276187792,19326.355670754936,37.87119198685323,7,0.5384615384615384,0.6230769230769231,0 4 7 8 9,0 3 4 6 7,0.0,1.0
5_130,data/input_data_5_130_8_new.xlsx,random,Random,43,85,5,6,130,10,51818.79298820062,19326.355670754936,62.703964032594044,8,0.3076923076923077,0.6230769230769231,1 3 5 6 8,0 3 4 6 7,0.0,1.0
5_130,data/input_data_5_130_8_new.xlsx,random,Random,44,86,5,6,130,10,34418.54766309025,19326.355670754936,43.8490087962656,6,0.45384615384615384,0.6230769230769231,0 5 7 8 9,0 3 4 6 7,0.0,1.0
5_130,data/input_data_5_130_8_new.xlsx,random,Random,45,87,5,6,130,10,33022.097869574616,19326.355670754936,41.47447643366853,3,0.4307692307692308,0.6230769230769231,1 2 3 6 9,0 3 4 6 7,0.0,1.0
5_130,data/input_data_5_130_8_new.xlsx,random,Random,46,88,5,6,130,10,48300.31461277908,19326.355670754936,59.98710189427698,5,0.3769230769230769,0.6230769230769231,1 3 5 6 7,0 3 4 6 7,0.0,1.0
5_130,data/input_data_5_130_8_new.xlsx,random,Random,47,89,5,6,130,10,25687.2571109952,19326.355670754936,24.762867490112587,2,0.5769230769230769,0.6230769230769231,0 1 2 4 7,0 3 4 6 7,0.0,1.0
5_130,data/input_data_5_130_8_new.xlsx,random,Random,48,90,5,6,130,10,38639.99667901317,19326.355670754936,49.983547277963915,3,0.4230769230769231,0.6230769230769231,1 3 4 5 7,0 3 4 6 7,0.0,1.0
5_130,data/input_data_5_130_8_new.xlsx,random,Random,49,91,5,6,130,10,46133.53756972475,19326.355670754936,58.10779600080375,6,0.3384615384615385,0.6230769230769231,1 2 3 6 8,0 3 4 6 7,0.0,1.0
5_130,data/input_data_5_130_8_new.xlsx,density_topk,Density,0,42,5,6,130,10,25116.984113765287,19326.355670754936,23.054632740866428,3,0.5846153846153846,0.6230769230769231,0 3 4 7 9,0 3 4 6 7,0.0,1.0
5_130,data/input_data_5_130_8_new.xlsx,distance_sum,DistSum,0,42,5,6,130,10,32129.50812408478,19326.355670754936,39.848579081521635,5,0.5,0.6230769230769231,0 4 5 7 9,0 3 4 6 7,0.0,1.0
5_130,data/input_data_5_130_8_new.xlsx,greedy_marginal,Greedy,0,42,5,6,130,10,19326.355670754936,19326.355670754936,0.0,0,0.6230769230769231,0.6230769230769231,0 3 4 6 7,0 3 4 6 7,0.0,1.0
5_130,data/input_data_5_130_8_new.xlsx,density_diverse,Diverse,0,42,5,6,130,10,24162.331150699618,19326.355670754936,20.014523639225335,1,0.6,0.6230769230769231,0 2 3 4 7,0 3 4 6 7,0.0,1.0
15_130,data/input_data_15_130_8_new.xlsx,random,Random,0,42,15,15,130,30,2816.809495226026,335.9290527544971,88.07412949566397,7,0.9384615384615385,0.9923076923076923,0 1 2 3 4 7 8 13 17 18 20 23 24 27 28,0 4 6 7 8 13 15 16 17 18 20 23 24 27 28,0.0,1.0
15_130,data/input_data_15_130_8_new.xlsx,random,Random,1,43,15,15,130,30,6065.693741931502,335.9290527544971,94.46181975142835,10,0.8769230769230769,0.9923076923076923,0 1 3 4 9 11 13 14 15 16 19 21 22 24 26,0 1 4 7 8 11 14 15 16 18 19 21 22 24 26,0.0,1.0
15_130,data/input_data_15_130_8_new.xlsx,random,Random,2,44,15,15,130,30,9218.889853964884,335.9290527544971,96.35607911499214,11,0.823076923076923,0.9923076923076923,0 3 5 7 9 12 13 16 17 18 20 22 24 25 26,4 7 8 12 14 15 16 17 18 20 22 24 25 26 27,0.0,1.0
15_130,data/input_data_15_130_8_new.xlsx,random,Random,3,45,15,15,130,30,4776.5335100421635,335.9290527544971,92.96709523657185,12,0.9,0.9923076923076923,0 2 3 8 9 10 13 15 17 18 22 24 25 27 29,4 8 12 13 14 15 16 17 18 21 22 24 25 27 29,0.0,1.0
15_130,data/input_data_15_130_8_new.xlsx,random,Random,4,46,15,15,130,30,8386.421362603543,335.9290527544971,95.99436949051402,7,0.8461538461538461,0.9923076923076923,0 1 2 4 7 12 16 17 18 20 24 25 26 28 29,4 7 8 12 15 16 17 18 20 24 25 26 27 28 29,0.0,1.0
15_130,data/input_data_15_130_8_new.xlsx,random,Random,5,47,15,15,130,30,3690.570283672223,335.9290527544971,90.8976383882808,9,0.9230769230769231,0.9923076923076923,0 1 2 3 8 10 11 12 13 14 16 17 18 20 27,0 4 7 8 12 13 14 15 16 17 18 19 20 22 27,0.0,1.0
15_130,data/input_data_15_130_8_new.xlsx,random,Random,6,48,15,15,130,30,8913.430067248182,335.9290527544971,96.23120336144393,10,0.8384615384615385,0.9923076923076923,3 4 5 6 7 9 10 13 15 16 17 22 26 27 29,0 4 7 8 12 13 14 15 16 17 18 22 26 27 29,0.0,1.0
15_130,data/input_data_15_130_8_new.xlsx,random,Random,7,49,15,15,130,30,5208.784276308539,335.9290527544971,93.55072057250622,13,0.8923076923076924,0.9923076923076923,1 2 3 4 7 8 10 11 13 14 16 17 20 21 24,1 4 8 10 11 12 13 14 15 16 17 18 20 21 24,0.0,1.0
15_130,data/input_data_15_130_8_new.xlsx,random,Random,8,50,15,15,130,30,7713.365755017829,335.9290527544971,95.64484476136812,16,0.8307692307692308,0.9923076923076923,2 4 7 8 10 11 15 17 20 21 22 24 25 27 29,4 8 12 14 15 16 17 18 20 21 22 24 25 27 29,0.0,1.0
15_130,data/input_data_15_130_8_new.xlsx,random,Random,9,51,15,15,130,30,4989.391632438736,335.9290527544971,93.26713400145941,6,0.9076923076923077,0.9923076923076923,5 7 8 10 12 14 16 17 19 22 24 26 27 28 29,4 7 8 12 15 16 17 18 19 22 24 26 27 28 29,0.0,1.0
15_130,data/input_data_15_130_8_new.xlsx,random,Random,10,52,15,15,130,30,3882.8745209591834,335.9290527544971,91.34844427907207,3,0.9230769230769231,0.9923076923076923,0 1 4 5 8 11 13 14 15 16 20 23 24 27 28,2 4 5 8 11 13 14 15 16 20 23 24 25 27 28,0.0,1.0
15_130,data/input_data_15_130_8_new.xlsx,random,Random,11,53,15,15,130,30,6101.670572294056,335.9290527544971,94.49447411533728,7,0.8769230769230769,0.9923076923076923,0 1 5 6 11 14 15 16 19 20 22 24 25 26 27,0 4 7 8 14 15 16 18 19 20 22 24 25 26 27,0.0,1.0
15_130,data/input_data_15_130_8_new.xlsx,random,Random,12,54,15,15,130,30,4232.165457084467,335.9290527544971,92.06247827120828,4,0.9153846153846154,0.9923076923076923,4 6 7 9 10 12 14 15 16 17 18 22 24 27 29,4 7 8 10 12 14 15 16 17 18 19 22 24 27 29,0.0,1.0
15_130,data/input_data_15_130_8_new.xlsx,random,Random,13,55,15,15,130,30,4983.487200647374,335.9290527544971,93.25915690701767,7,0.9,0.9923076923076923,2 4 5 6 9 11 12 15 16 17 23 24 25 26 29,1 4 8 11 12 15 16 17 18 23 24 25 26 28 29,0.0,1.0
15_130,data/input_data_15_130_8_new.xlsx,random,Random,14,56,15,15,130,30,2551.4507788861165,335.9290527544971,86.8338023396574,6,0.9461538461538461,0.9923076923076923,0 2 3 7 8 9 10 11 13 15 16 17 20 27 28,0 4 7 8 10 12 13 15 16 17 18 19 20 27 28,0.0,1.0
15_130,data/input_data_15_130_8_new.xlsx,random,Random,15,57,15,15,130,30,2114.598969149127,335.9290527544971,84.11381743510125,4,0.9538461538461539,0.9923076923076923,0 1 5 7 9 10 11 12 13 15 16 18 19 25 28,1 4 7 8 9 10 11 12 13 15 16 18 19 25 28,0.0,1.0
15_130,data/input_data_15_130_8_new.xlsx,random,Random,16,58,15,15,130,30,3143.379220120289,335.9290527544971,89.31312357719149,6,0.9307692307692308,0.9923076923076923,1 6 8 9 11 12 13 14 18 20 21 23 24 27 28,0 4 8 11 13 14 15 16 18 20 21 23 24 27 28,0.0,1.0
15_130,data/input_data_15_130_8_new.xlsx,random,Random,17,59,15,15,130,30,7604.048563211665,335.9290527544971,95.58223425374057,9,0.8615384615384616,0.9923076923076923,0 2 4 7 9 12 14 15 18 19 20 21 22 23 25,4 8 9 12 14 15 16 18 19 20 21 22 23 25 27,0.0,1.0
15_130,data/input_data_15_130_8_new.xlsx,random,Random,18,60,15,15,130,30,2696.207366438057,335.9290527544971,87.54068188759935,11,0.9384615384615385,0.9923076923076923,1 2 4 5 7 8 9 10 12 14 15 18 20 26 29,4 7 8 12 14 15 16 17 18 20 22 24 26 27 29,0.0,1.0
15_130,data/input_data_15_130_8_new.xlsx,random,Random,19,61,15,15,130,30,7551.644751380038,335.9290527544971,95.55157765209881,12,0.8461538461538461,0.9923076923076923,0 2 5 6 9 10 11 12 14 15 17 19 24 25 29,1 4 7 8 11 12 14 15 16 17 18 19 24 25 29,0.0,1.0
15_130,data/input_data_15_130_8_new.xlsx,random,Random,20,62,15,15,130,30,4710.748370832135,335.9290527544971,92.86888141097724,8,0.9,0.9923076923076923,0 2 5 7 8 9 11 14 16 18 20 21 27 28 29,4 8 10 11 12 14 15 16 18 20 21 25 27 28 29,0.0,1.0
15_130,data/input_data_15_130_8_new.xlsx,random,Random,21,63,15,15,130,30,3398.962370035995,335.9290527544971,90.11671751014592,5,0.9230769230769231,0.9923076923076923,1 2 6 8 9 12 14 15 18 20 21 23 24 27 29,4 8 9 12 14 15 16 17 18 20 21 23 24 27 29,0.0,1.0
15_130,data/input_data_15_130_8_new.xlsx,random,Random,22,64,15,15,130,30,2284.3467125925577,335.9290527544971,85.29430533015527,9,0.9461538461538461,0.9923076923076923,0 2 3 4 6 8 12 13 14 15 17 19 20 21 23,0 4 8 13 14 15 16 17 18 19 20 21 22 23 27,0.0,1.0
15_130,data/input_data_15_130_8_new.xlsx,random,Random,23,65,15,15,130,30,12547.229814969296,335.9290527544971,97.32268351095539,13,0.8076923076923077,0.9923076923076923,2 7 9 10 13 14 16 17 21 23 24 25 26 28 29,0 4 8 15 16 17 18 21 23 24 25 26 27 28 29,0.0,1.0
15_130,data/input_data_15_130_8_new.xlsx,random,Random,24,66,15,15,130,30,2689.8041107067083,335.9290527544971,87.511021660747,9,0.9384615384615385,0.9923076923076923,2 3 4 5 7 8 9 13 14 15 16 17 24 25 28,1 4 7 8 11 12 14 15 16 17 18 19 24 25 28,0.0,1.0
15_130,data/input_data_15_130_8_new.xlsx,random,Random,25,67,15,15,130,30,9259.550509839728,335.9290527544971,96.37208034669158,10,0.8307692307692308,0.9923076923076923,1 2 3 5 6 8 13 14 15 19 22 23 24 26 27,0 4 7 8 11 14 15 16 18 19 22 23 24 26 27,0.0,1.0
15_130,data/input_data_15_130_8_new.xlsx,random,Random,26,68,15,15,130,30,6041.538376256574,335.9290527544971,94.43967691946295,5,0.8692307692307693,0.9923076923076923,3 7 8 10 11 13 14 15 16 18 19 22 23 28 29,0 1 4 8 11 13 15 16 17 18 19 22 23 28 29,0.0,1.0
15_130,data/input_data_15_130_8_new.xlsx,random,Random,27,69,15,15,130,30,6750.642210036558,335.9290527544971,95.023746744346,15,0.8615384615384616,0.9923076923076923,1 2 3 5 10 11 13 14 17 18 19 21 23 25 29,0 4 8 14 15 16 17 18 19 21 22 23 25 27 29,0.0,1.0
15_130,data/input_data_15_130_8_new.xlsx,random,Random,28,70,15,15,130,30,10173.338080936912,335.9290527544971,96.69794663185361,14,0.8,0.9923076923076923,3 4 6 7 9 10 12 13 14 19 22 23 25 28 29,1 4 8 11 12 14 15 16 18 19 22 23 25 28 29,0.0,1.0
15_130,data/input_data_15_130_8_new.xlsx,random,Random,29,71,15,15,130,30,7850.136948658173,335.9290527544971,95.72072366442067,8,0.8461538461538461,0.9923076923076923,0 1 2 4 6 8 10 16 19 22 24 25 26 27 28,0 4 7 8 11 15 16 18 19 22 24 25 26 27 28,0.0,1.0
15_130,data/input_data_15_130_8_new.xlsx,random,Random,30,72,15,15,130,30,7891.252875654908,335.9290527544971,95.74302004956826,11,0.8384615384615385,0.9923076923076923,2 4 5 7 9 10 11 12 17 19 22 23 24 25 27,4 7 8 11 12 14 15 16 18 19 22 23 24 25 27,0.0,1.0
15_130,data/input_data_15_130_8_new.xlsx,random,Random,31,73,15,15,130,30,5676.24992553134,335.9290527544971,94.08184880578436,5,0.8769230769230769,0.9923076923076923,2 3 5 6 8 9 12 14 15 16 17 18 25 26 27,4 7 8 9 10 11 12 14 15 16 17 18 25 26 27,0.0,1.0
15_130,data/input_data_15_130_8_new.xlsx,random,Random,32,74,15,15,130,30,2436.575115280991,335.9290527544971,86.213063958188,8,0.9461538461538461,0.9923076923076923,3 5 6 8 9 10 11 14 16 18 19 24 26 27 29,0 4 7 8 10 11 14 15 16 18 19 24 26 27 29,0.0,1.0
15_130,data/input_data_15_130_8_new.xlsx,random,Random,33,75,15,15,130,30,5181.778473851315,335.9290527544971,93.51710895304213,3,0.8923076923076924,0.9923076923076923,1 2 3 8 10 11 13 14 15 16 18 21 22 23 29,0 1 4 8 10 11 13 14 15 16 18 21 22 23 29,0.0,1.0
15_130,data/input_data_15_130_8_new.xlsx,random,Random,34,76,15,15,130,30,4581.627589368875,335.9290527544971,92.66791012141665,6,0.9076923076923077,0.9923076923076923,1 2 6 7 9 10 11 12 13 14 15 21 22 25 28,1 4 7 8 11 12 13 14 15 16 18 21 22 25 28,0.0,1.0
15_130,data/input_data_15_130_8_new.xlsx,random,Random,35,77,15,15,130,30,5704.039049624611,335.9290527544971,94.11068104842997,4,0.9,0.9923076923076923,0 3 4 6 7 8 9 10 15 16 17 19 25 26 29,2 4 6 7 8 9 10 15 16 17 19 25 26 27 29,0.0,1.0
15_130,data/input_data_15_130_8_new.xlsx,random,Random,36,78,15,15,130,30,2275.6841428053067,335.9290527544971,85.2383269525099,7,0.9461538461538461,0.9923076923076923,1 3 4 6 8 9 12 13 15 18 20 21 23 26 28,0 1 4 8 10 11 13 15 16 18 20 21 23 26 28,0.0,1.0
15_130,data/input_data_15_130_8_new.xlsx,random,Random,37,79,15,15,130,30,3353.5278101824724,335.9290527544971,89.98281595475366,7,0.9230769230769231,0.9923076923076923,0 2 3 4 5 6 7 11 14 15 19 22 24 27 29,4 5 7 8 11 14 15 16 18 19 22 24 25 27 29,0.0,1.0
15_130,data/input_data_15_130_8_new.xlsx,random,Random,38,80,15,15,130,30,9190.558469015812,335.9290527544971,96.34484613870836,9,0.8384615384615385,0.9923076923076923,0 1 7 8 11 12 13 17 21 22 23 24 26 27 28,4 8 12 15 16 17 18 20 21 22 23 24 26 27 28,0.0,1.0
15_130,data/input_data_15_130_8_new.xlsx,random,Random,39,81,15,15,130,30,8811.608173280076,335.9290527544971,96.18765330745013,8,0.823076923076923,0.9923076923076923,0 4 5 9 10 12 14 15 16 17 21 25 26 27 28,4 8 10 12 14 15 16 17 18 20 21 25 26 27 28,0.0,1.0
15_130,data/input_data_15_130_8_new.xlsx,random,Random,40,82,15,15,130,30,10334.272028646503,335.9290527544971,96.74936897516048,9,0.8,0.9923076923076923,1 3 4 5 6 8 9 13 15 16 21 23 24 27 28,0 4 7 8 9 11 13 15 16 18 21 23 24 27 28,0.0,1.0
15_130,data/input_data_15_130_8_new.xlsx,random,Random,41,83,15,15,130,30,3973.3175760975655,335.9290527544971,91.54537621721056,10,0.9153846153846154,0.9923076923076923,1 2 4 5 6 9 12 14 15 19 20 22 25 27 28,4 7 8 9 12 14 15 16 18 19 20 22 25 27 28,0.0,1.0
15_130,data/input_data_15_130_8_new.xlsx,random,Random,42,84,15,15,130,30,8929.193955838226,335.9290527544971,96.2378569172545,11,0.823076923076923,0.9923076923076923,0 1 4 6 9 10 11 14 15 16 17 21 23 24 25,0 1 4 7 8 11 14 15 16 17 18 21 23 24 25,0.0,1.0
15_130,data/input_data_15_130_8_new.xlsx,random,Random,43,85,15,15,130,30,6481.936056204568,335.9290527544971,94.81745808903895,9,0.8692307692307693,0.9923076923076923,3 6 7 10 11 12 14 18 19 21 22 26 27 28 29,4 8 11 12 15 16 18 19 21 22 24 26 27 28 29,0.0,1.0
15_130,data/input_data_15_130_8_new.xlsx,random,Random,44,86,15,15,130,30,10508.662858333595,335.9290527544971,96.80331306386809,11,0.8,0.9923076923076923,0 2 3 9 10 12 16 17 20 21 23 24 25 26 27,4 8 12 14 15 16 17 18 20 21 23 24 25 26 27,0.0,1.0
15_130,data/input_data_15_130_8_new.xlsx,random,Random,45,87,15,15,130,30,6851.049167677054,335.9290527544971,95.09667724559043,10,0.8769230769230769,0.9923076923076923,0 3 4 6 8 10 11 17 20 22 23 24 25 26 28,0 1 4 8 11 15 16 18 20 22 23 24 25 26 28,0.0,1.0
15_130,data/input_data_15_130_8_new.xlsx,random,Random,46,88,15,15,130,30,7981.379251250175,335.9290527544971,95.79109020910292,7,0.8461538461538461,0.9923076923076923,0 3 4 5 6 7 10 12 14 16 18 20 22 24 27,4 7 8 10 12 14 15 16 17 18 19 20 22 24 27,0.0,1.0
15_130,data/input_data_15_130_8_new.xlsx,random,Random,47,89,15,15,130,30,2524.9012449526167,335.9290527544971,86.69535874220692,8,0.9461538461538461,0.9923076923076923,2 4 6 8 9 10 11 13 19 22 24 26 27 28 29,0 4 7 8 11 15 16 18 19 22 24 26 27 28 29,0.0,1.0
15_130,data/input_data_15_130_8_new.xlsx,random,Random,48,90,15,15,130,30,5166.186417765384,335.9290527544971,93.49754295355447,4,0.9076923076923077,0.9923076923076923,2 6 8 9 11 14 15 18 20 21 22 23 24 26 28,0 1 4 8 11 15 16 18 20 21 22 23 24 26 28,0.0,1.0
15_130,data/input_data_15_130_8_new.xlsx,random,Random,49,91,15,15,130,30,1799.6689188861637,335.9290527544971,81.3338415066696,7,0.9615384615384616,0.9923076923076923,2 5 6 7 8 11 12 14 18 20 21 22 25 26 27,4 7 8 11 12 14 15 16 18 20 21 22 25 26 27,0.0,1.0
15_130,data/input_data_15_130_8_new.xlsx,density_topk,Density,0,42,15,15,130,30,8627.79591184773,335.9290527544971,96.10643255604602,13,0.8384615384615385,0.9923076923076923,0 6 8 9 10 12 14 17 20 21 22 24 25 26 28,4 8 12 15 16 17 18 20 21 22 24 25 26 27 28,0.0,1.0
15_130,data/input_data_15_130_8_new.xlsx,distance_sum,DistSum,0,42,15,15,130,30,14015.016625407105,335.9290527544971,97.60307774344336,20,0.7307692307692307,0.9923076923076923,0 5 6 9 10 12 14 17 19 21 22 24 25 26 28,0 4 8 15 16 18 19 20 21 22 24 25 26 27 28,0.0,1.0
15_130,data/input_data_15_130_8_new.xlsx,greedy_marginal,Greedy,0,42,15,15,130,30,335.9290527544971,335.9290527544971,0.0,0,0.9923076923076923,0.9923076923076923,0 1 2 4 7 8 10 11 12 13 14 15 16 21 22,0 1 2 4 7 8 10 11 12 13 14 15 16 21 22,0.0,1.0
15_130,data/input_data_15_130_8_new.xlsx,density_diverse,Diverse,0,42,15,15,130,30,8627.79591184773,335.9290527544971,96.10643255604602,13,0.8384615384615385,0.9923076923076923,0 6 8 9 10 12 14 17 20 21 22 24 25 26 28,4 8 12 15 16 17 18 20 21 22 24 25 26 27 28,0.0,1.0
20_130,data/input_data_20_130_8_new.xlsx,random,Random,0,42,20,20,130,40,1608.7527787836707,0.0,100.0,3,0.9615384615384616,1.0,0 1 2 5 6 7 8 14 15 16 17 19 20 27 29 31 33 37 38 39,2 3 5 6 7 8 14 15 16 17 19 20 27 29 31 33 36 37 38 39,0.0,1.0
20_130,data/input_data_20_130_8_new.xlsx,random,Random,1,43,20,20,130,40,3638.12315919796,0.0,100.0,2,0.9307692307692308,1.0,1 2 5 6 9 11 12 13 16 17 18 19 23 24 29 31 32 33 36 38,1 5 6 8 9 11 12 13 16 17 18 19 23 24 29 31 32 33 36 38,0.0,1.0
20_130,data/input_data_20_130_8_new.xlsx,random,Random,2,44,20,20,130,40,7208.109332978493,0.0,100.0,6,0.8692307692307693,1.0,0 1 3 5 7 9 11 14 16 18 20 22 24 26 29 32 33 34 36 37,1 7 8 9 11 12 14 15 16 18 20 22 24 26 29 32 33 34 36 37,0.0,1.0
20_130,data/input_data_20_130_8_new.xlsx,random,Random,3,45,20,20,130,40,5278.902702559437,0.0,99.99999999999999,4,0.8846153846153846,1.0,0 1 3 4 5 9 15 16 17 19 20 21 23 25 26 27 28 31 32 34,2 5 6 8 9 15 16 17 19 20 21 23 25 26 27 28 31 32 34 36,0.0,1.0
20_130,data/input_data_20_130_8_new.xlsx,random,Random,4,46,20,20,130,40,9899.895834565203,0.0,100.0,12,0.8384615384615385,1.0,0 1 2 4 9 10 14 16 17 20 25 26 29 31 32 33 34 37 38 39,6 8 14 16 17 18 20 23 25 26 27 29 31 32 33 34 36 37 38 39,0.0,1.0
20_130,data/input_data_20_130_8_new.xlsx,random,Random,5,47,20,20,130,40,7362.9077192378,0.0,100.0,9,0.8384615384615385,1.0,0 1 3 4 8 12 13 15 16 19 21 22 24 25 27 29 31 32 34 35,6 8 11 12 13 15 16 18 19 21 22 24 25 27 29 31 32 34 35 36,0.0,1.0
20_130,data/input_data_20_130_8_new.xlsx,random,Random,6,48,20,20,130,40,2918.5053163276534,0.0,99.99999999999999,2,0.9384615384615385,1.0,3 4 5 6 7 8 12 15 16 19 20 21 25 27 31 32 34 35 38 39,2 5 6 7 8 12 15 16 19 20 21 25 27 31 32 34 35 36 38 39,0.0,1.0
20_130,data/input_data_20_130_8_new.xlsx,random,Random,7,49,20,20,130,40,5387.383099777389,0.0,99.99999999999999,6,0.8923076923076924,1.0,1 2 3 4 7 9 14 16 17 18 19 20 22 23 26 31 32 35 36 39,5 6 7 8 9 14 16 17 18 19 20 22 23 26 27 31 32 35 36 39,0.0,1.0
20_130,data/input_data_20_130_8_new.xlsx,random,Random,8,50,20,20,130,40,4101.848802017338,0.0,100.0,11,0.9076923076923077,1.0,2 3 4 5 6 7 10 11 14 15 17 20 21 23 26 28 30 31 34 38,0 1 8 11 13 14 15 16 17 18 20 21 23 26 28 30 31 34 36 38,0.0,1.0
20_130,data/input_data_20_130_8_new.xlsx,random,Random,9,51,20,20,130,40,1093.0399899699842,0.0,100.0,1,0.9769230769230769,1.0,8 10 11 12 14 15 16 17 18 20 21 22 23 25 29 32 33 35 36 39,1 8 11 12 14 15 16 17 18 20 21 22 23 25 29 32 33 35 36 39,0.0,1.0
20_130,data/input_data_20_130_8_new.xlsx,random,Random,10,52,20,20,130,40,1488.9647479038094,0.0,100.0,8,0.9692307692307692,1.0,0 1 2 3 5 8 10 11 12 13 14 17 20 23 25 26 30 32 34 39,1 6 8 10 11 12 13 14 15 17 18 20 23 25 26 30 32 34 36 39,0.0,1.0
20_130,data/input_data_20_130_8_new.xlsx,random,Random,11,53,20,20,130,40,4884.937523110847,0.0,100.0,7,0.8846153846153846,1.0,1 4 5 8 11 13 22 23 27 28 29 30 31 32 33 34 35 36 37 39,6 8 11 13 17 18 22 23 27 28 29 30 31 32 33 34 35 36 37 39,0.0,1.0
20_130,data/input_data_20_130_8_new.xlsx,random,Random,12,54,20,20,130,40,3245.525549171248,0.0,100.0,6,0.9307692307692308,1.0,1 6 8 10 12 14 15 17 18 19 23 24 26 28 30 31 32 34 35 38,8 12 14 15 17 18 19 20 23 24 26 27 28 30 31 32 34 35 36 38,0.0,1.0
20_130,data/input_data_20_130_8_new.xlsx,random,Random,13,55,20,20,130,40,5758.6774470060245,0.0,100.0,3,0.8846153846153846,1.0,5 9 10 11 12 15 16 17 19 21 22 23 24 27 29 30 35 36 38 39,8 10 11 12 15 16 17 18 19 21 22 23 24 27 29 30 35 36 38 39,0.0,1.0
20_130,data/input_data_20_130_8_new.xlsx,random,Random,14,56,20,20,130,40,3953.384537331962,0.0,100.0,6,0.9230769230769231,1.0,0 2 6 8 10 11 14 18 19 20 23 24 26 30 31 33 34 35 38 39,0 1 6 8 11 16 18 19 20 23 24 26 30 31 33 34 35 36 38 39,0.0,1.0
20_130,data/input_data_20_130_8_new.xlsx,random,Random,15,57,20,20,130,40,2405.0036412279796,0.0,100.0,6,0.9461538461538461,1.0,0 1 2 5 11 12 13 14 16 18 19 20 23 26 27 30 32 33 37 38,6 8 11 12 13 14 15 16 18 19 20 23 26 27 30 32 33 36 37 38,0.0,1.0
20_130,data/input_data_20_130_8_new.xlsx,random,Random,16,58,20,20,130,40,3599.7433673379696,0.0,100.0,10,0.9230769230769231,1.0,2 3 8 9 12 13 14 18 19 22 25 28 29 30 32 33 36 37 38 39,1 7 8 11 13 14 15 18 19 22 25 28 29 30 32 33 36 37 38 39,0.0,1.0
20_130,data/input_data_20_130_8_new.xlsx,random,Random,17,59,20,20,130,40,990.1357817239991,0.0,100.0,3,0.9769230769230769,1.0,0 1 5 8 9 10 12 14 15 17 18 19 23 24 25 28 29 31 36 38,5 8 9 10 12 14 15 16 17 18 19 23 24 25 27 28 29 31 36 38,0.0,1.0
20_130,data/input_data_20_130_8_new.xlsx,random,Random,18,60,20,20,130,40,1535.4664793704883,0.0,100.0,5,0.9615384615384616,1.0,1 2 4 5 7 9 12 14 16 18 19 21 25 27 28 29 30 31 32 36,6 7 8 9 10 11 12 14 16 18 19 21 25 27 28 29 30 31 32 36,0.0,1.0
20_130,data/input_data_20_130_8_new.xlsx,random,Random,19,61,20,20,130,40,4614.299367506696,0.0,100.0,9,0.9,1.0,0 1 2 5 10 11 12 13 14 16 18 20 25 30 31 33 35 37 38 39,6 8 10 12 13 14 16 18 20 21 25 27 30 31 33 35 36 37 38 39,0.0,1.0
20_130,data/input_data_20_130_8_new.xlsx,random,Random,20,62,20,20,130,40,6487.609642476256,0.0,100.0,5,0.8692307692307693,1.0,0 3 4 5 8 10 11 15 16 19 20 22 23 24 29 30 35 36 38 39,1 5 8 10 11 15 16 18 19 20 22 23 24 25 29 30 35 36 38 39,0.0,1.0
20_130,data/input_data_20_130_8_new.xlsx,random,Random,21,63,20,20,130,40,2025.5935576126715,0.0,100.0,7,0.9538461538461539,1.0,1 2 4 5 6 7 9 16 18 19 20 21 23 24 26 28 30 34 38 39,0 8 9 11 15 16 18 19 20 21 23 24 26 27 28 30 34 36 38 39,0.0,1.0
20_130,data/input_data_20_130_8_new.xlsx,random,Random,22,64,20,20,130,40,2774.5056605337722,0.0,100.0,3,0.9384615384615385,1.0,0 1 2 6 7 9 12 13 14 17 21 23 24 25 27 30 32 34 36 39,2 7 8 9 11 12 13 14 15 17 21 23 24 25 27 30 32 34 36 39,0.0,1.0
20_130,data/input_data_20_130_8_new.xlsx,random,Random,23,65,20,20,130,40,1668.4125267917916,0.0,100.0,7,0.9615384615384616,1.0,2 6 7 8 13 14 15 17 18 20 21 26 28 29 32 33 34 35 38 39,8 12 13 14 15 17 18 20 21 26 27 28 29 32 33 34 35 36 38 39,0.0,1.0
20_130,data/input_data_20_130_8_new.xlsx,random,Random,24,66,20,20,130,40,2808.5313839389805,0.0,99.99999999999999,4,0.9384615384615385,1.0,2 4 5 6 11 13 14 15 16 18 19 22 25 26 27 28 30 31 33 39,0 7 8 11 13 14 15 16 18 19 22 25 26 27 28 30 31 33 36 39,0.0,1.0
20_130,data/input_data_20_130_8_new.xlsx,random,Random,25,67,20,20,130,40,8717.770191738908,0.0,100.0,9,0.8307692307692308,1.0,1 4 5 6 7 9 14 17 20 21 24 26 27 28 29 31 34 35 36 37,2 6 8 9 12 14 16 17 20 21 24 26 27 28 29 31 34 35 36 37,0.0,1.0
20_130,data/input_data_20_130_8_new.xlsx,random,Random,26,68,20,20,130,40,6862.239677961554,0.0,100.0,4,0.8615384615384616,1.0,1 3 5 7 11 15 16 17 20 21 24 25 27 28 29 30 32 34 35 36,7 8 11 12 15 16 17 18 20 21 24 25 27 28 29 30 32 34 35 36,0.0,1.0
20_130,data/input_data_20_130_8_new.xlsx,random,Random,27,69,20,20,130,40,7349.1760994640645,0.0,100.0,4,0.8692307692307693,1.0,2 4 6 10 12 13 14 16 17 18 20 22 25 26 27 29 32 33 36 37,7 8 10 12 13 14 15 16 17 18 20 22 25 26 27 29 32 33 36 37,0.0,1.0
20_130,data/input_data_20_130_8_new.xlsx,random,Random,28,70,20,20,130,40,1018.6972785044787,0.0,100.0,4,0.9769230769230769,1.0,2 6 7 8 9 10 12 13 16 18 20 21 22 25 26 28 29 31 34 39,6 8 9 10 12 13 16 18 20 21 22 25 26 27 28 29 31 34 36 39,0.0,1.0
20_130,data/input_data_20_130_8_new.xlsx,random,Random,29,71,20,20,130,40,5090.730918707934,0.0,100.0,4,0.9,1.0,0 1 4 5 6 9 11 12 14 16 19 20 22 26 30 32 33 34 36 37,1 2 7 8 9 11 12 14 15 16 19 20 22 26 30 32 33 34 36 37,0.0,1.0
20_130,data/input_data_20_130_8_new.xlsx,random,Random,30,72,20,20,130,40,5934.253172232421,0.0,100.0,6,0.8923076923076924,1.0,0 2 4 7 8 11 12 14 19 20 21 22 23 26 30 34 35 36 38 39,1 2 8 11 12 14 15 16 19 20 21 22 23 26 30 34 35 36 38 39,0.0,1.0
20_130,data/input_data_20_130_8_new.xlsx,random,Random,31,73,20,20,130,40,2774.2144853434593,0.0,100.00000000000001,4,0.9384615384615385,1.0,0 3 4 6 7 8 11 12 13 14 16 17 19 22 24 29 30 31 32 34,1 2 6 7 8 11 12 13 14 16 17 19 22 24 29 30 31 32 34 36,0.0,1.0
20_130,data/input_data_20_130_8_new.xlsx,random,Random,32,74,20,20,130,40,4989.391632438736,0.0,100.0,7,0.9076923076923077,1.0,3 5 7 8 10 11 13 14 16 19 20 22 25 26 27 28 29 32 37 39,7 8 11 13 14 15 16 18 19 20 22 25 26 27 28 29 32 36 37 39,0.0,1.0
20_130,data/input_data_20_130_8_new.xlsx,random,Random,33,75,20,20,130,40,411.4826841508719,0.0,100.0,3,0.9923076923076923,1.0,2 6 8 10 11 15 19 21 22 24 25 27 28 29 30 32 34 35 37 39,8 10 11 15 18 19 21 22 24 25 27 28 29 30 32 34 35 36 37 39,0.0,1.0
20_130,data/input_data_20_130_8_new.xlsx,random,Random,34,76,20,20,130,40,3053.338036566912,0.0,100.0,6,0.9307692307692308,1.0,2 3 7 9 10 12 14 15 18 19 23 24 25 26 29 30 32 33 37 39,1 8 10 11 12 14 15 18 19 23 24 25 26 29 30 32 33 36 37 39,0.0,1.0
20_130,data/input_data_20_130_8_new.xlsx,random,Random,35,77,20,20,130,40,2112.944215655209,0.0,100.0,3,0.9538461538461539,1.0,0 4 5 6 7 8 12 15 16 17 18 20 21 25 30 31 36 37 38 39,5 6 7 8 10 12 15 16 17 18 20 21 25 27 30 31 36 37 38 39,0.0,1.0
20_130,data/input_data_20_130_8_new.xlsx,random,Random,36,78,20,20,130,40,2538.7809205450567,0.0,100.0,5,0.9461538461538461,1.0,0 2 5 6 7 9 11 12 13 15 16 17 19 22 23 25 27 29 31 39,6 7 8 9 11 12 13 15 16 17 18 19 22 23 25 27 29 31 36 39,0.0,1.0
20_130,data/input_data_20_130_8_new.xlsx,random,Random,37,79,20,20,130,40,8266.69558744523,0.0,100.0,11,0.8307692307692308,1.0,0 3 4 5 6 9 10 11 13 15 22 23 25 28 31 32 34 35 37 39,1 7 8 9 10 11 13 15 18 22 23 25 28 31 32 34 35 36 37 39,0.0,1.0
20_130,data/input_data_20_130_8_new.xlsx,random,Random,38,80,20,20,130,40,7584.703613522617,0.0,100.0,6,0.8384615384615385,1.0,1 5 7 12 16 17 19 23 24 25 26 27 28 31 34 35 36 37 38 39,6 8 16 17 18 19 20 23 24 25 26 27 28 31 34 35 36 37 38 39,0.0,1.0
20_130,data/input_data_20_130_8_new.xlsx,random,Random,39,81,20,20,130,40,2978.211473275982,0.0,100.0,4,0.9307692307692308,1.0,0 1 4 7 9 10 11 14 19 21 24 26 29 30 31 32 34 35 36 37,1 2 6 8 9 10 11 14 19 21 24 26 29 30 31 32 34 35 36 37,0.0,1.0
20_130,data/input_data_20_130_8_new.xlsx,random,Random,40,82,20,20,130,40,6130.418511081463,0.0,100.0,5,0.8846153846153846,1.0,2 3 4 6 9 10 11 13 15 16 17 18 26 27 29 31 32 34 36 39,6 7 8 9 10 11 12 13 15 16 17 18 26 27 29 31 32 34 36 39,0.0,1.0
20_130,data/input_data_20_130_8_new.xlsx,random,Random,41,83,20,20,130,40,1065.098477606257,0.0,100.0,3,0.9769230769230769,1.0,1 2 3 4 5 6 8 9 11 12 13 17 24 26 29 31 32 34 37 38,1 2 5 6 7 8 9 11 12 13 17 24 26 29 31 32 34 36 37 38,0.0,1.0
20_130,data/input_data_20_130_8_new.xlsx,random,Random,42,84,20,20,130,40,3426.2372371848087,0.0,100.0,4,0.9230769230769231,1.0,0 2 4 8 11 12 16 17 18 19 20 22 23 24 27 29 31 32 33 37,5 6 8 11 12 16 17 18 19 20 22 23 24 27 29 31 32 33 36 37,0.0,1.0
20_130,data/input_data_20_130_8_new.xlsx,random,Random,43,85,20,20,130,40,645.9197715014807,0.0,100.0,3,0.9846153846153847,1.0,6 7 12 14 17 18 19 20 21 22 23 24 27 29 30 31 32 34 35 39,6 8 12 17 18 19 20 21 22 23 24 27 29 30 31 32 34 35 36 39,0.0,1.0
20_130,data/input_data_20_130_8_new.xlsx,random,Random,44,86,20,20,130,40,4788.918264900406,0.0,100.0,3,0.9076923076923077,1.0,0 1 3 4 6 13 14 16 18 19 20 21 24 26 27 28 31 32 35 36,4 5 6 8 11 13 14 16 18 19 20 21 24 26 27 28 31 32 35 36,0.0,1.0
20_130,data/input_data_20_130_8_new.xlsx,random,Random,45,87,20,20,130,40,1505.381853540365,0.0,100.00000000000001,2,0.9692307692307692,1.0,0 2 6 7 8 9 12 15 16 17 19 20 21 22 23 24 26 34 36 38,2 6 7 8 9 12 15 16 17 19 20 21 22 23 24 26 27 34 36 38,0.0,1.0
20_130,data/input_data_20_130_8_new.xlsx,random,Random,46,88,20,20,130,40,5888.905054022653,0.0,100.0,14,0.8846153846153846,1.0,0 3 4 5 7 10 11 12 13 14 19 21 22 25 27 29 30 33 35 37,8 10 11 12 13 14 15 16 18 19 21 22 25 27 29 30 33 35 36 37,0.0,1.0
20_130,data/input_data_20_130_8_new.xlsx,random,Random,47,89,20,20,130,40,6718.113078783761,0.0,100.0,7,0.8692307692307693,1.0,2 4 5 6 8 9 10 14 16 18 19 21 22 26 28 31 33 35 38 39,0 1 6 7 8 11 14 16 18 19 21 22 26 28 31 33 35 36 38 39,0.0,1.0
20_130,data/input_data_20_130_8_new.xlsx,random,Random,48,90,20,20,130,40,300.99491767416316,0.0,100.0,1,0.9923076923076923,1.0,1 2 4 5 8 11 12 13 15 16 17 19 20 21 22 23 28 30 35 36,1 4 5 8 11 12 13 15 16 17 18 19 20 21 22 23 28 30 35 36,0.0,1.0
20_130,data/input_data_20_130_8_new.xlsx,random,Random,49,91,20,20,130,40,411.4826841508719,0.0,100.0,3,0.9923076923076923,1.0,2 5 6 7 8 10 11 12 15 19 23 25 26 27 28 29 32 34 37 38,6 7 8 10 11 12 15 18 19 23 25 26 27 28 29 32 34 36 37 38,0.0,1.0
20_130,data/input_data_20_130_8_new.xlsx,density_topk,Density,0,42,20,20,130,40,8627.79591184773,0.0,100.0,14,0.8384615384615385,1.0,0 6 8 9 10 12 14 17 20 21 22 24 25 26 28 33 34 35 37 38,8 12 15 16 17 18 20 21 22 24 25 26 27 28 33 34 35 36 37 38,0.0,1.0
20_130,data/input_data_20_130_8_new.xlsx,distance_sum,DistSum,0,42,20,20,130,40,15601.762205079802,0.0,100.0,24,0.7,1.0,0 5 6 9 10 12 14 17 19 22 24 25 26 28 33 34 35 37 38 39,7 8 11 15 16 18 19 22 24 25 26 27 28 33 34 35 36 37 38 39,0.0,1.0
20_130,data/input_data_20_130_8_new.xlsx,greedy_marginal,Greedy,0,42,20,20,130,40,0.0,0.0,0.0,0,1.0,1.0,0 1 2 3 4 5 6 7 8 9 10 11 12 13 14 15 16 17 21 36,0 1 2 3 4 5 6 7 8 9 10 11 12 13 14 15 16 17 21 36,0.0,1.0
20_130,data/input_data_20_130_8_new.xlsx,density_diverse,Diverse,0,42,20,20,130,40,8627.79591184773,0.0,100.0,14,0.8384615384615385,1.0,0 6 8 9 10 12 14 17 20 21 22 24 25 26 28 33 34 35 37 38,8 12 15 16 17 18 20 21 22 24 25 26 27 28 33 34 35 36 37 38,0.0,1.0
