Config,Capacity,CapacityLabel,Varpi,VarpiLabel,VarpiRatio,IsHalfCapacity,Seed,HV,IGD,Spacing,BestQ,BestFrontQ,ParetoCount,SolutionCount,BestCostNorm,BestDelayNorm,RawBestCost,RawBestDelay,NpzPath
10_130,4,Vj=4,1,1,0.25,False,42,0.9196542702931877,0.03923505809394418,0.00734001742268906,0.31312832007613917,0.31312832007613917,50,50,0.027278706136503118,0.08556760798880829,1100.6627082411615,175.6370435876704,D:\pythonProject\output\npz\res_hybrid_anchor_cap4_varpi1_10_130_seed42.npz
10_130,4,Vj=4,1,1,0.25,False,43,0.9538763287625701,0.02494619562910027,0.0060577050618852825,0.3014326668954439,0.3014326668954439,50,50,0.0219561079839693,0.04573386552723577,1091.6829972436549,163.30335812289619,D:\pythonProject\output\npz\res_hybrid_anchor_cap4_varpi1_10_130_seed43.npz
10_130,4,Vj=4,1,1,0.25,False,44,0.9289259893755947,0.035229177616158416,0.006654898454617112,0.30891071659435587,0.30891071659435587,50,50,0.09069973262940861,0.01486896925117388,1207.6597936402138,153.74668834879532,D:\pythonProject\output\npz\res_hybrid_anchor_cap4_varpi1_10_130_seed44.npz
10_130,4,Vj=4,2,Vj/2=2,0.5,True,42,0.9758354043884263,0.013716789545291376,0.00902673813029049,0.30296057392423525,0.30296057392423525,50,50,0.03737869870374804,0.0011356333126201293,1117.7023215525005,149.49444802737423,D:\pythonProject\output\npz\res_hybrid_anchor_cap4_varpi2_10_130_seed42.npz
10_130,4,Vj=4,2,Vj/2=2,0.5,True,43,0.8703508105697092,0.07004629873172462,0.006592217412637355,0.32602291534924455,0.32602291534924455,50,50,0.14833570410459426,0.03824472719393456,1304.896960917499,160.98450302927228,D:\pythonProject\output\npz\res_hybrid_anchor_cap4_varpi2_10_130_seed43.npz
10_130,4,Vj=4,2,Vj/2=2,0.5,True,44,0.9553678073355725,0.024783287953584882,0.007837083031865356,0.30262161998265846,0.30262161998265846,50,50,0.04261886261673509,0.0,1126.5429584312749,149.1428229172132,D:\pythonProject\output\npz\res_hybrid_anchor_cap4_varpi2_10_130_seed44.npz
10_130,4,Vj=4,3,3,0.75,False,42,0.9653538608510519,0.018963301861399686,0.005523623982869183,0.2933895994462742,0.2933895994462742,50,50,0.03369709237381001,0.026035409198282927,1111.4911141868465,157.20414299799867,D:\pythonProject\output\npz\res_hybrid_anchor_cap4_varpi3_10_130_seed42.npz
10_130,4,Vj=4,3,3,0.75,False,43,0.9157148929908014,0.04615357749687871,0.006613199919052316,0.31192987129501065,0.31192987129501065,50,50,0.0916983641605832,0.050133479765700116,1209.3445765762835,164.66560667978007,D:\pythonProject\output\npz\res_hybrid_anchor_cap4_varpi3_10_130_seed43.npz
10_130,4,Vj=4,3,3,0.75,False,44,0.9653583227222703,0.01938946638893882,0.0052923918538402975,0.29825724016992045,0.29825724016992045,50,50,0.04234542764178301,0.03732723423721938,1126.0816485631776,160.7004205191946,D:\pythonProject\output\npz\res_hybrid_anchor_cap4_varpi3_10_130_seed44.npz
10_130,4,Vj=4,4,Vj=4,1.0,False,42,0.9036141016405916,0.045067945533297196,0.00588867673914135,0.31206650727756935,0.31206650727756935,50,50,0.08306707117899745,0.08348238482620636,1194.7827940993272,174.99139783554946,D:\pythonProject\output\npz\res_hybrid_anchor_cap4_varpi4_10_130_seed42.npz
10_130,4,Vj=4,4,Vj=4,1.0,False,43,0.968803106276785,0.01880972955512519,0.005746477076306639,0.2985362649955009,0.2985362649955009,50,50,0.057373100181649504,0.014306278976118674,1151.4347097009843,153.57246307048226,D:\pythonProject\output\npz\res_hybrid_anchor_cap4_varpi4_10_130_seed43.npz
10_130,4,Vj=4,4,Vj=4,1.0,False,44,0.9623248658232337,0.0201645900044045,0.007489325748859908,0.3028888003645044,0.3028888003645044,50,50,0.0,0.046222561291312886,1054.6410303928917,163.4546725480449,D:\pythonProject\output\npz\res_hybrid_anchor_cap4_varpi4_10_130_seed44.npz
10_150,4,Vj=4,1,1,0.25,False,42,0.940475710883675,0.031044784592830305,0.008611754184091951,0.30062465462287413,0.30062465462287413,50,50,0.0713979925229747,0.0029226260055591298,1232.8426565410136,187.2338875627078,D:\pythonProject\output\npz\res_hybrid_anchor_cap4_varpi1_10_150_seed42.npz
10_150,4,Vj=4,1,1,0.25,False,43,0.8680029752494136,0.06341730646688593,0.006584772378797438,0.3241622565360486,0.3241622565360486,50,50,0.14722369634321172,0.030669772473524815,1373.743265301066,197.21763176409374,D:\pythonProject\output\npz\res_hybrid_anchor_cap4_varpi1_10_150_seed43.npz
10_150,4,Vj=4,1,1,0.25,False,44,0.9363790730803458,0.026716540109923206,0.0072252927328038735,0.3001385516554451,0.3001385516554451,50,50,0.05256633966331223,0.03821899869680339,1197.8493598328826,199.93393066778904,D:\pythonProject\output\npz\res_hybrid_anchor_cap4_varpi1_10_150_seed44.npz
10_150,4,Vj=4,2,Vj/2=2,0.5,True,42,0.9697303149923125,0.011871361414988959,0.005969704030832793,0.2934012426884019,0.2934012426884019,50,50,0.021750712510326165,0.03869916061909087,1140.587238857756,200.10669848061255,D:\pythonProject\output\npz\res_hybrid_anchor_cap4_varpi2_10_150_seed42.npz
10_150,4,Vj=4,2,Vj/2=2,0.5,True,43,0.8866131136643298,0.0667707923084584,0.010278304903365794,0.3352877775994748,0.3352877775994748,50,50,0.03222411329790299,0.04672016214202565,1160.0490898186927,202.99274759331539,D:\pythonProject\output\npz\res_hybrid_anchor_cap4_varpi2_10_150_seed43.npz
10_150,4,Vj=4,2,Vj/2=2,0.5,True,44,0.958342162187115,0.026271768580744564,0.005900255569026244,0.30120578533279935,0.30120578533279935,50,50,0.0466108569334741,0.029115896227481872,1186.7827808258016,196.65852911982677,D:\pythonProject\output\npz\res_hybrid_anchor_cap4_varpi2_10_150_seed44.npz
10_150,4,Vj=4,3,3,0.75,False,42,0.9724051243022803,0.011249066967580032,0.007876654873443226,0.3057542772596925,0.3057542772596925,50,50,0.0,0.034751711406605205,1100.1696960026916,198.6863606007906,D:\pythonProject\output\npz\res_hybrid_anchor_cap4_varpi3_10_150_seed42.npz
10_150,4,Vj=4,3,3,0.75,False,43,0.9356108580799228,0.034812243087395466,0.006015529405834807,0.30050912190953705,0.30050912190953705,50,50,0.07165330125586855,0.022505107570131886,1233.3170755582348,194.2798909056016,D:\pythonProject\output\npz\res_hybrid_anchor_cap4_varpi3_10_150_seed43.npz
10_150,4,Vj=4,3,3,0.75,False,44,0.9421368862780206,0.03365106955031497,0.0044697375323554354,0.29387032400881063,0.29387032400881063,50,50,0.0967192970788454,0.02973240411828046,1279.895134088458,196.88035578899346,D:\pythonProject\output\npz\res_hybrid_anchor_cap4_varpi3_10_150_seed44.npz
10_150,4,Vj=4,4,Vj=4,1.0,False,42,0.9712002947675338,0.017940718566090204,0.006489925290699202,0.30322960064496984,0.30322960064496984,50,50,0.032057140663590465,0.0,1159.7388184379392,186.1822929250571,D:\pythonProject\output\npz\res_hybrid_anchor_cap4_varpi4_10_150_seed42.npz
10_150,4,Vj=4,4,Vj=4,1.0,False,43,0.9148802965665885,0.04036055755616489,0.004434386721200349,0.31202405626063023,0.31202405626063023,50,50,0.07485364667667137,0.062231143758999546,1239.2640116935406,208.57377816721788,D:\pythonProject\output\npz\res_hybrid_anchor_cap4_varpi4_10_150_seed43.npz
10_150,4,Vj=4,4,Vj=4,1.0,False,44,0.952432933550331,0.03390151723847632,0.007292223756365408,0.3019865094129134,0.3019865094129134,50,50,0.06841775992698855,0.005336685884909257,1227.3047377896557,188.10249422646277,D:\pythonProject\output\npz\res_hybrid_anchor_cap4_varpi4_10_150_seed44.npz
10_180,4,Vj=4,1,1,0.25,False,42,0.9531250165403629,0.06630008135659923,0.0044264483081214315,0.2574931082457558,0.2574931082457558,50,50,0.13148882579389606,0.010845169760047374,1421.6500171109262,224.22334422825244,D:\pythonProject\output\npz\res_hybrid_anchor_cap4_varpi1_10_180_seed42.npz
10_180,4,Vj=4,1,1,0.25,False,43,0.9901614256029844,0.03775869628360432,0.006192360199946617,0.2522957999098787,0.2522957999098787,50,50,0.04055782053498532,0.04887439542141961,1266.1582375224882,242.81393265223195,D:\pythonProject\output\npz\res_hybrid_anchor_cap4_varpi1_10_180_seed43.npz
10_180,4,Vj=4,1,1,0.25,False,44,0.9978874573043809,0.024827280134701205,0.008777466238061239,0.25829698868700435,0.25829698868700435,50,50,0.005679003863122847,0.0360181843735673,1206.5155528429925,236.52917338811665,D:\pythonProject\output\npz\res_hybrid_anchor_cap4_varpi1_10_180_seed44.npz
10_180,4,Vj=4,2,Vj/2=2,0.5,True,42,1.0111386302361223,0.022440180064144527,0.007529932601538755,0.2545701399237078,0.2545701399237078,50,50,0.0,0.039569008153703254,1196.8044711888056,238.26499372930328,D:\pythonProject\output\npz\res_hybrid_anchor_cap4_varpi2_10_180_seed42.npz
10_180,4,Vj=4,2,Vj/2=2,0.5,True,43,0.9815794718198672,0.03765954236464863,0.008820945971849684,0.2618352558948904,0.2618352558948904,50,50,0.04778683873028669,0.018218012379033352,1278.5198396038031,227.82755862548552,D:\pythonProject\output\npz\res_hybrid_anchor_cap4_varpi2_10_180_seed43.npz
10_180,4,Vj=4,2,Vj/2=2,0.5,True,44,0.9895203173621908,0.04727741539793365,0.0054064503179783625,0.25684022679256424,0.25684022679256424,50,50,0.057960281430696696,0.04092965881658974,1295.9163998367358,238.93014785807196,D:\pythonProject\output\npz\res_hybrid_anchor_cap4_varpi2_10_180_seed44.npz
10_180,4,Vj=4,3,3,0.75,False,42,1.0051488276739389,0.020283136632939004,0.006983284470008032,0.25175499985917177,0.25175499985917177,50,50,0.02448759504249844,0.03534197554986636,1238.6781942402283,236.1986086787001,D:\pythonProject\output\npz\res_hybrid_anchor_cap4_varpi3_10_180_seed42.npz
10_180,4,Vj=4,3,3,0.75,False,43,1.0259206955096172,0.0170381098931895,0.009801637588191248,0.2499824843202673,0.2499824843202673,50,50,0.026091841471368324,0.0,1241.4214514099156,218.92168257485673,D:\pythonProject\output\npz\res_hybrid_anchor_cap4_varpi3_10_180_seed43.npz
10_180,4,Vj=4,3,3,0.75,False,44,0.9886342966492996,0.03536205827067436,0.008910081537366306,0.25462649160605866,0.25462649160605866,50,50,0.07272941889640622,0.014912135624777126,1321.1715860187273,226.21148064730033,D:\pythonProject\output\npz\res_hybrid_anchor_cap4_varpi3_10_180_seed44.npz
10_180,4,Vj=4,4,Vj=4,1.0,False,42,0.9982170345133851,0.02190977290363432,0.008398507829065779,0.24953332762445224,0.24953332762445224,50,50,0.059051612244124446,0.010400998647992247,1297.7825726544277,224.0062111630787,D:\pythonProject\output\npz\res_hybrid_anchor_cap4_varpi4_10_180_seed42.npz
10_180,4,Vj=4,4,Vj=4,1.0,False,43,1.0015411736309785,0.025708685342900602,0.0053721932377189295,0.25699353832106153,0.25699353832106153,50,50,0.03615874696890549,0.016524446553153965,1258.6358333064281,226.99965890651174,D:\pythonProject\output\npz\res_hybrid_anchor_cap4_varpi4_10_180_seed43.npz
10_180,4,Vj=4,4,Vj=4,1.0,False,44,0.9939150059459796,0.034787821189001276,0.006682129248941208,0.24476099014936054,0.24476099014936054,50,50,0.04870508462379343,0.06089967828503027,1280.0900376641303,248.69249264159285,D:\pythonProject\output\npz\res_hybrid_anchor_cap4_varpi4_10_180_seed44.npz
5_130,4,Vj=4,1,1,0.25,False,42,1.014158458026599,0.040797653958116235,0.03058296875368581,0.2494312573719676,0.2494312573719676,50,50,0.05429046908689803,0.0001450519831621252,1120.428279471727,328.92175327367005,D:\pythonProject\output\npz\res_hybrid_anchor_cap4_varpi1_5_130_seed42.npz
5_130,4,Vj=4,1,1,0.25,False,43,1.0249068450130858,0.035904248244031885,0.01442665204302904,0.21635919511995194,0.21635919511995194,50,50,0.02361237717270373,0.05643313381076433,1093.2489684911757,349.8834037396147,D:\pythonProject\output\npz\res_hybrid_anchor_cap4_varpi1_5_130_seed43.npz
5_130,4,Vj=4,1,1,0.25,False,44,1.0404937475642047,0.036193359145552134,0.02449017467679655,0.20886532602911673,0.20886532602911673,50,50,0.0,0.06295741191714661,1072.3295402567865,352.3130412893089,D:\pythonProject\output\npz\res_hybrid_anchor_cap4_varpi1_5_130_seed44.npz
5_130,4,Vj=4,2,Vj/2=2,0.5,True,42,1.0727782855655175,0.03560294845543425,0.007865664582837864,0.2094602716236123,0.2094602716236123,50,50,0.006485464122274803,0.01339646581993518,1078.0753489180793,333.85657243977295,D:\pythonProject\output\npz\res_hybrid_anchor_cap4_varpi2_5_130_seed42.npz
5_130,4,Vj=4,2,Vj/2=2,0.5,True,43,1.0703168671304235,0.017491675284791924,0.02891891897470493,0.20144663168615862,0.20144663168615862,50,50,0.013971396918237702,0.017572736989586935,1084.707524609125,335.4118135079863,D:\pythonProject\output\npz\res_hybrid_anchor_cap4_varpi2_5_130_seed43.npz
5_130,4,Vj=4,2,Vj/2=2,0.5,True,44,0.9655946449408881,0.06364751913617993,0.02651951741283199,0.25019922258023225,0.25019922258023225,50,50,0.08808751857287306,0.03485647213097111,1150.3708365503626,341.84826689236866,D:\pythonProject\output\npz\res_hybrid_anchor_cap4_varpi2_5_130_seed44.npz
5_130,4,Vj=4,3,3,0.75,False,42,1.0696869633750468,0.013108824174495362,0.029851397256884793,0.20868728283398014,0.20868728283398014,50,50,0.02265954367270429,0.005408458881755577,1092.4048039296506,330.8818430846228,D:\pythonProject\output\npz\res_hybrid_anchor_cap4_varpi3_5_130_seed42.npz
5_130,4,Vj=4,3,3,0.75,False,43,1.0195386964259532,0.04146135067461656,0.020305568812867235,0.256671908519789,0.256671908519789,50,50,0.026965762045465483,0.0,1096.2199058802803,328.8677359955587,D:\pythonProject\output\npz\res_hybrid_anchor_cap4_varpi3_5_130_seed43.npz
5_130,4,Vj=4,3,3,0.75,False,44,0.9831731859719154,0.062133411399668645,0.035603180861421675,0.27612455081303194,0.27612455081303194,50,50,0.05500049933335012,0.014863473125658397,1121.0573320519165,334.4028851471013,D:\pythonProject\output\npz\res_hybrid_anchor_cap4_varpi3_5_130_seed44.npz
5_130,4,Vj=4,4,Vj=4,1.0,False,42,1.000870653651613,0.054259604999294685,0.016780997920098007,0.2589343903288907,0.2589343903288907,50,50,0.04858124608354671,0.01718392001489705,1115.3701830327627,335.2670182821757,D:\pythonProject\output\npz\res_hybrid_anchor_cap4_varpi4_5_130_seed42.npz
5_130,4,Vj=4,4,Vj=4,1.0,False,43,1.0194731025166854,0.03349486405492757,0.014608223477777571,0.2161059771769382,0.2161059771769382,50,50,0.042274366021997245,0.028382978702500478,1109.7825912428516,339.43754152857326,D:\pythonProject\output\npz\res_hybrid_anchor_cap4_varpi4_5_130_seed43.npz
5_130,4,Vj=4,4,Vj=4,1.0,False,44,1.0707048623767226,0.02003639066771497,0.018183004070521445,0.20886532602911673,0.20886532602911673,47,47,0.008323430538562566,0.0052634068985933,1079.703698586625,330.8278258065114,D:\pythonProject\output\npz\res_hybrid_anchor_cap4_varpi4_5_130_seed44.npz
15_130,4,Vj=4,1,1,0.25,False,42,1.0071721280333452,0.016754461678394714,0.007811807546893141,0.2545677152364553,0.2545677152364553,50,50,0.0,0.013924993041031591,1103.7580890255406,114.10915617209054,D:\pythonProject\output\npz\res_hybrid_anchor_cap4_varpi1_15_130_seed42.npz
15_130,4,Vj=4,1,1,0.25,False,43,0.9559980297873722,0.04953845063186302,0.009742069282846003,0.27128712416840783,0.27128712416840783,50,50,0.03762199845681823,0.06414807886474047,1196.4876431462878,131.34872286076956,D:\pythonProject\output\npz\res_hybrid_anchor_cap4_varpi1_15_130_seed43.npz
15_130,4,Vj=4,1,1,0.25,False,44,0.9187480632034417,0.06529884701546561,0.006249367397116656,0.29253572785210025,0.29253572785210025,50,50,0.08966291425772253,0.07207494294913559,1324.7565048813199,134.0696966873223,D:\pythonProject\output\npz\res_hybrid_anchor_cap4_varpi1_15_130_seed44.npz
15_130,4,Vj=4,2,Vj/2=2,0.5,True,42,0.9875971967434007,0.041280135220521194,0.005606460244660555,0.27257582432001615,0.27257582432001615,50,50,0.05897221835529031,0.010655509303974206,1249.1110138541887,112.98687381930161,D:\pythonProject\output\npz\res_hybrid_anchor_cap4_varpi2_15_130_seed42.npz
15_130,4,Vj=4,2,Vj/2=2,0.5,True,43,0.978336684771279,0.037391750992367495,0.0065024491495226005,0.2794385533631092,0.2794385533631092,50,50,0.030885284025839333,0.042938941136208955,1179.8831949232492,124.06847836197791,D:\pythonProject\output\npz\res_hybrid_anchor_cap4_varpi2_15_130_seed43.npz
15_130,4,Vj=4,2,Vj/2=2,0.5,True,44,0.92629328512715,0.07436651710765525,0.0058692938947260955,0.2787065645914225,0.2787065645914225,50,50,0.13130276356973444,0.04272908361642859,1427.38913522364,123.99644271048342,D:\pythonProject\output\npz\res_hybrid_anchor_cap4_varpi2_15_130_seed44.npz
15_130,4,Vj=4,3,3,0.75,False,42,0.9729898699223853,0.04311186409626347,0.007925541639915322,0.2853321588650521,0.2853321588650521,50,50,0.05797119851644448,0.0,1246.6437306919522,109.32926576446191,D:\pythonProject\output\npz\res_hybrid_anchor_cap4_varpi3_15_130_seed42.npz
15_130,4,Vj=4,3,3,0.75,False,43,1.0192772567746886,0.02199626865627492,0.007099206594747772,0.25677122435419547,0.25677122435419547,50,50,0.022290076097075194,0.0028566386298723577,1158.6979886210315,110.3098349859153,D:\pythonProject\output\npz\res_hybrid_anchor_cap4_varpi3_15_130_seed43.npz
15_130,4,Vj=4,3,3,0.75,False,44,0.9391669779678726,0.06318555077773903,0.006264440364974289,0.2893791114073968,0.2893791114073968,50,50,0.10510162304216972,0.04181666080755655,1362.80936332862,123.68324463426335,D:\pythonProject\output\npz\res_hybrid_anchor_cap4_varpi3_15_130_seed44.npz
15_130,4,Vj=4,4,Vj=4,1.0,False,42,0.9995102974853824,0.03658790441917513,0.004875449488859147,0.26818410596160447,0.26818410596160447,50,50,0.03787554741716213,0.02233021453148848,1197.1125828891209,116.99433086897157,D:\pythonProject\output\npz\res_hybrid_anchor_cap4_varpi4_15_130_seed42.npz
15_130,4,Vj=4,4,Vj=4,1.0,False,43,0.9661373454634633,0.05162928641333426,0.005156055851333657,0.28019641647668636,0.28019641647668636,50,50,0.04012460939937742,0.06607917247459502,1202.6560022542596,132.01158967835275,D:\pythonProject\output\npz\res_hybrid_anchor_cap4_varpi4_15_130_seed43.npz
15_130,4,Vj=4,4,Vj=4,1.0,False,44,0.9611755017736111,0.04293466835449601,0.007313431334510128,0.27997310506629003,0.27997310506629003,50,50,0.05099097595285271,0.043888809948788014,1229.4390910519721,124.39453014616005,D:\pythonProject\output\npz\res_hybrid_anchor_cap4_varpi4_15_130_seed44.npz
20_130,4,Vj=4,1,1,0.25,False,42,0.9364470730629242,0.03460395677288521,0.006705753183939989,0.2793296590635452,0.2793296590635452,50,50,0.10108763891800625,0.04157201458318991,1554.042012146845,92.96765030101075,D:\pythonProject\output\npz\res_hybrid_anchor_cap4_varpi1_20_130_seed42.npz
20_130,4,Vj=4,1,1,0.25,False,43,0.9672775031116307,0.02387246392992764,0.00675549274704232,0.28108541800913156,0.28108541800913156,50,50,0.06351861092235202,0.020786443024813,1447.9100626034483,87.17335416477597,D:\pythonProject\output\npz\res_hybrid_anchor_cap4_varpi1_20_130_seed43.npz
20_130,4,Vj=4,1,1,0.25,False,44,0.9505890771738426,0.029581741749376972,0.006532281870192993,0.29888912662077594,0.29888912662077594,50,50,0.0669647192335526,0.02098058394310317,1457.6452677156947,87.22747391652658,D:\pythonProject\output\npz\res_hybrid_anchor_cap4_varpi1_20_130_seed44.npz
20_130,4,Vj=4,2,Vj/2=2,0.5,True,42,0.9610833534451417,0.026891740854026392,0.007729181947045298,0.2907245739725132,0.2907245739725132,50,50,0.0,0.048998409859443884,1268.470924325569,95.03787162422515,D:\pythonProject\output\npz\res_hybrid_anchor_cap4_varpi2_20_130_seed42.npz
20_130,4,Vj=4,2,Vj/2=2,0.5,True,43,0.9346271245675566,0.0394403233396107,0.010336419427996242,0.29392253226341486,0.29392253226341486,50,50,0.08955276939757247,0.034126650298327524,1521.4561760141148,90.89214107637977,D:\pythonProject\output\npz\res_hybrid_anchor_cap4_varpi2_20_130_seed43.npz
20_130,4,Vj=4,2,Vj/2=2,0.5,True,44,0.9962942784819243,0.010718433663918269,0.007977879466793056,0.2708476852438698,0.2708476852438698,50,50,0.0028106515714435283,0.015855207141307143,1276.410973527774,85.79869670364184,D:\pythonProject\output\npz\res_hybrid_anchor_cap4_varpi2_20_130_seed44.npz
20_130,4,Vj=4,3,3,0.75,False,42,0.9436402201006169,0.03262099904399301,0.008323312849228246,0.2953367210467005,0.2953367210467005,50,50,0.06025706936790265,0.03217721826462842,1438.6962558546936,90.34870706644692,D:\pythonProject\output\npz\res_hybrid_anchor_cap4_varpi3_20_130_seed42.npz
20_130,4,Vj=4,3,3,0.75,False,43,0.9089819124744056,0.05138321701423306,0.007863670350157297,0.29403892353699923,0.29403892353699923,50,50,0.10639023461730977,0.05068532396389707,1569.0217667274696,95.50812474428687,D:\pythonProject\output\npz\res_hybrid_anchor_cap4_varpi3_20_130_seed43.npz
20_130,4,Vj=4,3,3,0.75,False,44,0.9677822339053808,0.018393860831592022,0.007785056404809416,0.27750917081888904,0.27750917081888904,50,50,0.081681064360062,0.0,1499.2187254748515,81.37881509393681,D:\pythonProject\output\npz\res_hybrid_anchor_cap4_varpi3_20_130_seed44.npz
20_130,4,Vj=4,4,Vj=4,1.0,False,42,0.9629687064934804,0.020820500404444477,0.007569984054441457,0.2860463993436824,0.2860463993436824,50,50,0.061618774837671135,0.010937017523898692,1442.5430537070936,84.42767608881853,D:\pythonProject\output\npz\res_hybrid_anchor_cap4_varpi4_20_130_seed42.npz
20_130,4,Vj=4,4,Vj=4,1.0,False,43,0.9389680601711844,0.03697328124635824,0.008003399207597963,0.29648159075776137,0.29648159075776137,50,50,0.0693201724819147,0.02116319407138056,1464.2993883742306,87.27837928411502,D:\pythonProject\output\npz\res_hybrid_anchor_cap4_varpi4_20_130_seed43.npz
20_130,4,Vj=4,4,Vj=4,1.0,False,44,0.9289526720352208,0.040641521773239354,0.006955802220501412,0.28954570642916155,0.28954570642916155,50,50,0.07137701302577748,0.06275906428183256,1470.1099325502819,98.87386461233112,D:\pythonProject\output\npz\res_hybrid_anchor_cap4_varpi4_20_130_seed44.npz
10_130,8,Vj=8,1,1,0.125,False,42,1.0233575442207015,0.017687696011530012,0.011006114259901894,0.24208238857586958,0.24208238857586958,50,50,0.010252467317704529,0.0,2968.9261655498753,90.49416864282495,D:\pythonProject\output\npz\res_hybrid_anchor_cap8_varpi1_10_130_seed42.npz
10_130,8,Vj=8,1,1,0.125,False,43,1.002801042161982,0.025071683075583835,0.01280913382686036,0.2542609555715286,0.2542609555715286,50,50,0.0,0.0,2950.682083779082,90.49416864282495,D:\pythonProject\output\npz\res_hybrid_anchor_cap8_varpi1_10_130_seed43.npz
10_130,8,Vj=8,1,1,0.125,False,44,0.9224403777330653,0.05350121094359038,0.01913555704959329,0.27924148436171486,0.27924148436171486,26,26,0.11736401270680653,0.0,3159.5292401190854,90.49416864282495,D:\pythonProject\output\npz\res_hybrid_anchor_cap8_varpi1_10_130_seed44.npz
10_130,8,Vj=8,4,Vj/2=4,0.5,True,42,0.9009777759481292,0.049909417395408245,0.012586732311694023,0.2460835616199205,0.2460835616199205,28,28,0.20182515171131535,0.0,3309.826322636156,90.49416864282495,D:\pythonProject\output\npz\res_hybrid_anchor_cap8_varpi4_10_130_seed42.npz
10_130,8,Vj=8,4,Vj/2=4,0.5,True,43,0.9647568737734915,0.039030952901205916,0.012515625719557638,0.27056213552563796,0.27056213552563796,50,50,0.03158071914584801,0.0,3006.8794072743117,90.49416864282495,D:\pythonProject\output\npz\res_hybrid_anchor_cap8_varpi4_10_130_seed43.npz
10_130,8,Vj=8,4,Vj/2=4,0.5,True,44,0.8960030194238999,0.057028197581771876,0.011693340937814975,0.27914064255755683,0.27914064255755683,40,40,0.17496092967557345,0.0,3262.0219211841786,90.49416864282495,D:\pythonProject\output\npz\res_hybrid_anchor_cap8_varpi4_10_130_seed44.npz
10_130,8,Vj=8,3,3,0.375,False,42,0.9009777759481292,0.049909417395408245,0.012586732311694023,0.2460835616199205,0.2460835616199205,28,28,0.20182515171131535,0.0,3309.826322636156,90.49416864282495,D:\pythonProject\output\npz\res_hybrid_anchor_cap8_varpi3_10_130_seed42.npz
10_130,8,Vj=8,3,3,0.375,False,43,1.0170927345106653,0.012266299371353113,0.012907125664390052,0.2320766170426086,0.2320766170426086,40,40,0.04921877671278702,0.0,3038.2660144740744,90.49416864282495,D:\pythonProject\output\npz\res_hybrid_anchor_cap8_varpi3_10_130_seed43.npz
10_130,8,Vj=8,3,3,0.375,False,44,1.0052313286437815,0.019055880470676956,0.009776144675597299,0.24487863035863985,0.24487863035863985,50,50,0.04117811829501412,0.0,3023.9578069842005,90.49416864282495,D:\pythonProject\output\npz\res_hybrid_anchor_cap8_varpi3_10_130_seed44.npz
10_130,8,Vj=8,8,Vj=8,1.0,False,42,1.0063094746248704,0.018191757559067292,0.013401163182599918,0.23408411322796646,0.23408411322796646,50,50,0.03691802424006876,0.0,3016.3770459945526,90.49416864282495,D:\pythonProject\output\npz\res_hybrid_anchor_cap8_varpi8_10_130_seed42.npz
10_130,8,Vj=8,8,Vj=8,1.0,False,43,0.8636840419674102,0.05543372256280817,0.02044228346409191,0.266790341308889,0.266790341308889,29,29,0.2504681870844083,0.0,3396.385731939886,90.49416864282495,D:\pythonProject\output\npz\res_hybrid_anchor_cap8_varpi8_10_130_seed43.npz
10_130,8,Vj=8,8,Vj=8,1.0,False,44,0.9658477165842032,0.04115308972115519,0.014221026352935248,0.26998408625861253,0.26998408625861253,37,37,0.04454784437926392,0.0,3029.9541741338003,90.49416864282495,D:\pythonProject\output\npz\res_hybrid_anchor_cap8_varpi8_10_130_seed44.npz
10_150,8,Vj=8,1,1,0.125,False,42,0.9042390795629969,0.02672052205082568,0.008969494658991092,0.30789930842595603,0.30789930842595603,50,50,0.11220976686633538,0.0,3148.7958926487017,111.92784534801221,D:\pythonProject\output\npz\res_hybrid_anchor_cap8_varpi1_10_150_seed42.npz
10_150,8,Vj=8,1,1,0.125,False,43,0.7583984676077571,0.09733913990234148,0.010556983188696639,0.32109341077251613,0.32109341077251613,50,50,0.33676231848421945,0.0,3589.385619218839,111.92784534801221,D:\pythonProject\output\npz\res_hybrid_anchor_cap8_varpi1_10_150_seed43.npz
10_150,8,Vj=8,1,1,0.125,False,44,0.8615311940274656,0.04930611773436073,0.02431290801838421,0.3301180528038425,0.3301180528038425,50,50,0.10765911816754983,0.0,3139.8671628192296,111.92784534801221,D:\pythonProject\output\npz\res_hybrid_anchor_cap8_varpi1_10_150_seed44.npz
10_150,8,Vj=8,4,Vj/2=4,0.5,True,42,0.9736138614736569,0.0057788957491228775,0.014290909925911466,0.2942547326185443,0.2942547326185443,50,50,0.0,0.0,2928.6315251278825,111.92784534801221,D:\pythonProject\output\npz\res_hybrid_anchor_cap8_varpi4_10_150_seed42.npz
10_150,8,Vj=8,4,Vj/2=4,0.5,True,43,0.9791295020870195,0.009370918734970788,0.007496688847350262,0.2883619698468044,0.2883619698468044,50,50,0.012486043276029195,0.0,2953.1301217962023,111.92784534801221,D:\pythonProject\output\npz\res_hybrid_anchor_cap8_varpi4_10_150_seed43.npz
10_150,8,Vj=8,4,Vj/2=4,0.5,True,44,0.868961888456317,0.04347320062308251,0.009149682715128794,0.3228725477127449,0.3228725477127449,50,50,0.15840950969004225,0.0,3239.44341329209,111.92784534801221,D:\pythonProject\output\npz\res_hybrid_anchor_cap8_varpi4_10_150_seed44.npz
10_150,8,Vj=8,3,3,0.375,False,42,0.9736138614736569,0.0057788957491228775,0.014290909925911466,0.2942547326185443,0.2942547326185443,50,50,0.0,0.0,2928.6315251278825,111.92784534801221,D:\pythonProject\output\npz\res_hybrid_anchor_cap8_varpi3_10_150_seed42.npz
10_150,8,Vj=8,3,3,0.375,False,43,0.938945788854836,0.017225704188213096,0.009357745801179122,0.29572361364319005,0.29572361364319005,50,50,0.0707052702338949,0.0,3067.3608134613773,111.92784534801221,D:\pythonProject\output\npz\res_hybrid_anchor_cap8_varpi3_10_150_seed43.npz
10_150,8,Vj=8,3,3,0.375,False,44,0.8080300997029436,0.08054622985406522,0.007498102686856659,0.33114382806311704,0.33114382806311704,50,50,0.2639270136427927,0.0,3446.4770358448036,111.92784534801221,D:\pythonProject\output\npz\res_hybrid_anchor_cap8_varpi3_10_150_seed44.npz
10_150,8,Vj=8,8,Vj=8,1.0,False,42,0.8562804826243913,0.052904378284808186,0.008041816814638912,0.3414003560666375,0.3414003560666375,50,50,0.1567639053520476,0.0,3236.214608452885,111.92784534801221,D:\pythonProject\output\npz\res_hybrid_anchor_cap8_varpi8_10_150_seed42.npz
10_150,8,Vj=8,8,Vj=8,1.0,False,43,0.95044749227435,0.014733334424609215,0.010405716673119509,0.3026958316712882,0.3026958316712882,50,50,0.032846511745017695,0.0,2993.0789585872294,111.92784534801221,D:\pythonProject\output\npz\res_hybrid_anchor_cap8_varpi8_10_150_seed43.npz
10_150,8,Vj=8,8,Vj=8,1.0,False,44,0.7859660631268203,0.08212292000137987,0.0052527722300102385,0.34077862335166664,0.34077862335166664,50,50,0.2990298800588144,0.0,3515.351614221366,111.92784534801221,D:\pythonProject\output\npz\res_hybrid_anchor_cap8_varpi8_10_150_seed44.npz
10_180,8,Vj=8,1,1,0.125,False,42,0.9483383485043332,0.023940024682489167,0.010848704431337144,0.2890184618219579,0.2890184618219579,50,50,0.09496835197958194,0.0,4316.809734736856,124.81741474027699,D:\pythonProject\output\npz\res_hybrid_anchor_cap8_varpi1_10_180_seed42.npz
10_180,8,Vj=8,1,1,0.125,False,43,0.9274812101233112,0.040816989362704205,0.008624373852845932,0.30585004224160794,0.30585004224160794,50,50,0.05123703025033464,0.0,4254.094028693197,124.81741474027699,D:\pythonProject\output\npz\res_hybrid_anchor_cap8_varpi1_10_180_seed43.npz
10_180,8,Vj=8,1,1,0.125,False,44,0.9188450020589327,0.0219820096859178,0.01432083262881022,0.2709425805594272,0.2709425805594272,39,39,0.15610138541832635,0.0,4404.48148128133,124.81741474027699,D:\pythonProject\output\npz\res_hybrid_anchor_cap8_varpi1_10_180_seed44.npz
10_180,8,Vj=8,4,Vj/2=4,0.5,True,42,0.8702492537259208,0.04416211941634256,0.01174847821855519,0.2969882261996445,0.2969882261996445,30,30,0.20104286816431496,0.0,4468.932696328383,124.81741474027699,D:\pythonProject\output\npz\res_hybrid_anchor_cap8_varpi4_10_180_seed42.npz
10_180,8,Vj=8,4,Vj/2=4,0.5,True,43,0.9520026551502299,0.024270479439655265,0.0110489965516891,0.2791008993181526,0.2791008993181526,45,45,0.1000448237892264,0.0,4324.08997464645,124.81741474027699,D:\pythonProject\output\npz\res_hybrid_anchor_cap8_varpi4_10_180_seed43.npz
10_180,8,Vj=8,4,Vj/2=4,0.5,True,44,0.9351519414414763,0.0312805539479807,0.01263060235540471,0.2969787816798499,0.2969787816798499,44,44,0.07773096651343313,0.0,4292.089356822158,124.81741474027699,D:\pythonProject\output\npz\res_hybrid_anchor_cap8_varpi4_10_180_seed44.npz
10_180,8,Vj=8,3,3,0.375,False,42,0.8702492537259208,0.04416211941634256,0.01174847821855519,0.2969882261996445,0.2969882261996445,30,30,0.20104286816431496,0.0,4468.932696328383,124.81741474027699,D:\pythonProject\output\npz\res_hybrid_anchor_cap8_varpi3_10_180_seed42.npz
10_180,8,Vj=8,3,3,0.375,False,43,1.0236308968984946,0.005105568944896024,0.005779948560496608,0.26653734582276845,0.26653734582276845,50,50,0.0,0.0,4180.614280067604,124.81741474027699,D:\pythonProject\output\npz\res_hybrid_anchor_cap8_varpi3_10_180_seed43.npz
10_180,8,Vj=8,3,3,0.375,False,44,0.7989584551725919,0.06373415177639573,0.05188222810399684,0.3028121786628759,0.3028121786628759,40,40,0.3083044072952484,0.0,4622.7579842895975,124.81741474027699,D:\pythonProject\output\npz\res_hybrid_anchor_cap8_varpi3_10_180_seed44.npz
10_180,8,Vj=8,8,Vj=8,1.0,False,42,0.9659537639945743,0.011438573209401382,0.004029300483272857,0.2675336539168673,0.2675336539168673,50,50,0.09131660199274845,0.0,4311.57270851256,124.81741474027699,D:\pythonProject\output\npz\res_hybrid_anchor_cap8_varpi8_10_180_seed42.npz
10_180,8,Vj=8,8,Vj=8,1.0,False,43,0.9496460333044099,0.0353284051344499,0.010007568756942196,0.3022158047684138,0.3022158047684138,50,50,0.0615049794494562,0.0,4268.819439638475,124.81741474027699,D:\pythonProject\output\npz\res_hybrid_anchor_cap8_varpi8_10_180_seed43.npz
10_180,8,Vj=8,8,Vj=8,1.0,False,44,1.0022163578262753,0.012630142744364055,0.01977102210948874,0.2676340442393131,0.2676340442393131,32,32,0.006465382435024212,0.0,4189.886376318554,124.81741474027699,D:\pythonProject\output\npz\res_hybrid_anchor_cap8_varpi8_10_180_seed44.npz
5_130,8,Vj=8,1,1,0.125,False,42,0.9129019027712486,0.0,0.02163774919093947,0.2780038950271619,0.2780038950271619,27,27,0.0,0.0,2922.7852560053802,214.39765204984357,D:\pythonProject\output\npz\res_hybrid_anchor_cap8_varpi1_5_130_seed42.npz
5_130,8,Vj=8,1,1,0.125,False,43,0.9129019027712486,0.0,0.02163774919093947,0.2780038950271619,0.2780038950271619,27,27,0.0,0.0,2922.7852560053802,214.39765204984357,D:\pythonProject\output\npz\res_hybrid_anchor_cap8_varpi1_5_130_seed43.npz
5_130,8,Vj=8,1,1,0.125,False,44,0.9129019027712486,0.0,0.02163774919093947,0.2780038950271619,0.2780038950271619,27,27,0.0,0.0,2922.7852560053802,214.39765204984357,D:\pythonProject\output\npz\res_hybrid_anchor_cap8_varpi1_5_130_seed44.npz
5_130,8,Vj=8,4,Vj/2=4,0.5,True,42,0.9129019027712486,0.0,0.02163774919093947,0.2780038950271619,0.2780038950271619,27,27,0.0,0.0,2922.7852560053802,214.39765204984357,D:\pythonProject\output\npz\res_hybrid_anchor_cap8_varpi4_5_130_seed42.npz
5_130,8,Vj=8,4,Vj/2=4,0.5,True,43,0.9077941674451437,0.023694965564253472,0.019186196280017043,0.2780038950271619,0.2780038950271619,24,24,0.04387268281650456,0.0,2942.544355676148,214.39765204984357,D:\pythonProject\output\npz\res_hybrid_anchor_cap8_varpi4_5_130_seed43.npz
5_130,8,Vj=8,4,Vj/2=4,0.5,True,44,0.9129019027712486,0.0,0.02163774919093947,0.2780038950271619,0.2780038950271619,27,27,0.0,0.0,2922.7852560053802,214.39765204984357,D:\pythonProject\output\npz\res_hybrid_anchor_cap8_varpi4_5_130_seed44.npz
5_130,8,Vj=8,3,3,0.375,False,42,0.9129019027712486,0.0,0.02163774919093947,0.2780038950271619,0.2780038950271619,27,27,0.0,0.0,2922.7852560053802,214.39765204984357,D:\pythonProject\output\npz\res_hybrid_anchor_cap8_varpi3_5_130_seed42.npz
5_130,8,Vj=8,3,3,0.375,False,43,0.9077941674451437,0.023694965564253472,0.019186196280017043,0.2780038950271619,0.2780038950271619,24,24,0.04387268281650456,0.0,2942.544355676148,214.39765204984357,D:\pythonProject\output\npz\res_hybrid_anchor_cap8_varpi3_5_130_seed43.npz
5_130,8,Vj=8,3,3,0.375,False,44,0.9129019027712486,0.0,0.02163774919093947,0.2780038950271619,0.2780038950271619,27,27,0.0,0.0,2922.7852560053802,214.39765204984357,D:\pythonProject\output\npz\res_hybrid_anchor_cap8_varpi3_5_130_seed44.npz
5_130,8,Vj=8,8,Vj=8,1.0,False,42,0.9129019027712486,0.0,0.02163774919093947,0.2780038950271619,0.2780038950271619,27,27,0.0,0.0,2922.7852560053802,214.39765204984357,D:\pythonProject\output\npz\res_hybrid_anchor_cap8_varpi8_5_130_seed42.npz
5_130,8,Vj=8,8,Vj=8,1.0,False,43,0.9129019027712486,0.0,0.02163774919093947,0.2780038950271619,0.2780038950271619,27,27,0.0,0.0,2922.7852560053802,214.39765204984357,D:\pythonProject\output\npz\res_hybrid_anchor_cap8_varpi8_5_130_seed43.npz
5_130,8,Vj=8,8,Vj=8,1.0,False,44,0.9129019027712486,0.0,0.02163774919093947,0.2780038950271619,0.2780038950271619,27,27,0.0,0.0,2922.7852560053802,214.39765204984357,D:\pythonProject\output\npz\res_hybrid_anchor_cap8_varpi8_5_130_seed44.npz
15_130,8,Vj=8,1,1,0.125,False,42,0.9788327638631182,0.027577252629944538,0.005703841941883278,0.27704484742862645,0.27704484742862645,50,50,0.0,0.0,2513.8183702374035,69.29911315943123,D:\pythonProject\output\npz\res_hybrid_anchor_cap8_varpi1_15_130_seed42.npz
15_130,8,Vj=8,1,1,0.125,False,43,0.7792715827775567,0.15810483305181727,0.008066017885107581,0.3300306208647815,0.3300306208647815,50,50,0.31019537568877015,0.0,3339.7744760239966,69.29911315943123,D:\pythonProject\output\npz\res_hybrid_anchor_cap8_varpi1_15_130_seed43.npz
15_130,8,Vj=8,1,1,0.125,False,44,0.7822854806642374,0.14745678509505808,0.008184296854271621,0.3639057647917717,0.3639057647917717,50,50,0.22856124716652007,0.0,3122.4075770371755,69.29911315943123,D:\pythonProject\output\npz\res_hybrid_anchor_cap8_varpi1_15_130_seed44.npz
15_130,8,Vj=8,4,Vj/2=4,0.5,True,42,0.840033205697023,0.10983606368536371,0.008086614320823578,0.3145566621263352,0.3145566621263352,50,50,0.22490060451980404,0.0,3112.6603970914903,69.29911315943123,D:\pythonProject\output\npz\res_hybrid_anchor_cap8_varpi4_15_130_seed42.npz
15_130,8,Vj=8,4,Vj/2=4,0.5,True,43,0.9055211740344593,0.07486465682546019,0.009305371884788024,0.3096961904792261,0.3096961904792261,50,50,0.12777318753004702,0.0,2854.0395748956726,69.29911315943123,D:\pythonProject\output\npz\res_hybrid_anchor_cap8_varpi4_15_130_seed43.npz
15_130,8,Vj=8,4,Vj/2=4,0.5,True,44,0.8546628577066497,0.09815447139986362,0.005047386548502469,0.30859030862602815,0.30859030862602815,50,50,0.20030166680986417,0.0,3047.160894552889,69.29911315943123,D:\pythonProject\output\npz\res_hybrid_anchor_cap8_varpi4_15_130_seed44.npz
15_130,8,Vj=8,3,3,0.375,False,42,0.840033205697023,0.10983606368536371,0.008086614320823578,0.3145566621263352,0.3145566621263352,50,50,0.22490060451980404,0.0,3112.6603970914903,69.29911315943123,D:\pythonProject\output\npz\res_hybrid_anchor_cap8_varpi3_15_130_seed42.npz
15_130,8,Vj=8,3,3,0.375,False,43,0.9055211740344593,0.07486465682546019,0.009305371884788024,0.3096961904792261,0.3096961904792261,50,50,0.12777318753004702,0.0,2854.0395748956726,69.29911315943123,D:\pythonProject\output\npz\res_hybrid_anchor_cap8_varpi3_15_130_seed43.npz
15_130,8,Vj=8,3,3,0.375,False,44,0.7822854806642374,0.14745678509505808,0.008184296854271621,0.3639057647917717,0.3639057647917717,50,50,0.22856124716652007,0.0,3122.4075770371755,69.29911315943123,D:\pythonProject\output\npz\res_hybrid_anchor_cap8_varpi3_15_130_seed44.npz
15_130,8,Vj=8,8,Vj=8,1.0,False,42,0.8854251865407644,0.10701164830977988,0.007989853859736398,0.27054349251194154,0.27054349251194154,50,50,0.21722740500754517,0.0,3092.228996481483,69.29911315943123,D:\pythonProject\output\npz\res_hybrid_anchor_cap8_varpi8_15_130_seed42.npz
15_130,8,Vj=8,8,Vj=8,1.0,False,43,0.9686116710235664,0.04514725006646064,0.009795845135693638,0.24019578289037186,0.24019578289037186,50,50,0.10919300649104514,0.0,2804.5661939927236,69.29911315943123,D:\pythonProject\output\npz\res_hybrid_anchor_cap8_varpi8_15_130_seed43.npz
15_130,8,Vj=8,8,Vj=8,1.0,False,44,1.0031588935501383,0.011444384500715565,0.009410933284685282,0.2603502626737848,0.2603502626737848,50,50,0.028782605674292666,0.0,2590.4577103447245,69.29911315943123,D:\pythonProject\output\npz\res_hybrid_anchor_cap8_varpi8_15_130_seed44.npz
20_130,8,Vj=8,1,1,0.125,False,42,0.748398912557233,0.19403626459962453,0.011821265849355207,0.33888613511594723,0.33888613511594723,50,50,0.3569004722076978,0.0,3180.5242796911784,65.10000000000002,D:\pythonProject\output\npz\res_hybrid_anchor_cap8_varpi1_20_130_seed42.npz
20_130,8,Vj=8,1,1,0.125,False,43,0.9150900258332975,0.06049367967357477,0.0076341971843466114,0.3069663009711986,0.3069663009711986,50,50,0.10211447370449583,0.0,2526.4813278456927,65.10000000000002,D:\pythonProject\output\npz\res_hybrid_anchor_cap8_varpi1_20_130_seed43.npz
20_130,8,Vj=8,1,1,0.125,False,44,1.004375397419593,0.0,0.010477666703120019,0.2680388917544281,0.2680388917544281,50,50,0.0,0.0,2264.350550643674,65.10000000000002,D:\pythonProject\output\npz\res_hybrid_anchor_cap8_varpi1_20_130_seed44.npz
20_130,8,Vj=8,4,Vj/2=4,0.5,True,42,0.748398912557233,0.19403626459962453,0.011821265849355207,0.33888613511594723,0.33888613511594723,50,50,0.3569004722076978,0.0,3180.5242796911784,65.10000000000002,D:\pythonProject\output\npz\res_hybrid_anchor_cap8_varpi4_20_130_seed42.npz
20_130,8,Vj=8,4,Vj/2=4,0.5,True,43,0.9150900258332975,0.06049367967357477,0.0076341971843466114,0.3069663009711986,0.3069663009711986,50,50,0.10211447370449583,0.0,2526.4813278456927,65.10000000000002,D:\pythonProject\output\npz\res_hybrid_anchor_cap8_varpi4_20_130_seed43.npz
20_130,8,Vj=8,4,Vj/2=4,0.5,True,44,1.004375397419593,0.0,0.010477666703120019,0.2680388917544281,0.2680388917544281,50,50,0.0,0.0,2264.350550643674,65.10000000000002,D:\pythonProject\output\npz\res_hybrid_anchor_cap8_varpi4_20_130_seed44.npz
20_130,8,Vj=8,3,3,0.375,False,42,0.748398912557233,0.19403626459962453,0.011821265849355207,0.33888613511594723,0.33888613511594723,50,50,0.3569004722076978,0.0,3180.5242796911784,65.10000000000002,D:\pythonProject\output\npz\res_hybrid_anchor_cap8_varpi3_20_130_seed42.npz
20_130,8,Vj=8,3,3,0.375,False,43,0.9150900258332975,0.06049367967357477,0.0076341971843466114,0.3069663009711986,0.3069663009711986,50,50,0.10211447370449583,0.0,2526.4813278456927,65.10000000000002,D:\pythonProject\output\npz\res_hybrid_anchor_cap8_varpi3_20_130_seed43.npz
20_130,8,Vj=8,3,3,0.375,False,44,1.004375397419593,0.0,0.010477666703120019,0.2680388917544281,0.2680388917544281,50,50,0.0,0.0,2264.350550643674,65.10000000000002,D:\pythonProject\output\npz\res_hybrid_anchor_cap8_varpi3_20_130_seed44.npz
20_130,8,Vj=8,8,Vj=8,1.0,False,42,0.748398912557233,0.19403626459962453,0.011821265849355207,0.33888613511594723,0.33888613511594723,50,50,0.3569004722076978,0.0,3180.5242796911784,65.10000000000002,D:\pythonProject\output\npz\res_hybrid_anchor_cap8_varpi8_20_130_seed42.npz
20_130,8,Vj=8,8,Vj=8,1.0,False,43,0.9150900258332975,0.06049367967357477,0.0076341971843466114,0.3069663009711986,0.3069663009711986,50,50,0.10211447370449583,0.0,2526.4813278456927,65.10000000000002,D:\pythonProject\output\npz\res_hybrid_anchor_cap8_varpi8_20_130_seed43.npz
20_130,8,Vj=8,8,Vj=8,1.0,False,44,1.004375397419593,0.0,0.010477666703120019,0.2680388917544281,0.2680388917544281,50,50,0.0,0.0,2264.350550643674,65.10000000000002,D:\pythonProject\output\npz\res_hybrid_anchor_cap8_varpi8_20_130_seed44.npz
