Config,Scenario,CenterLng,CenterLat,StationRadiusKm,StationWidthKm,StationHeightKm,StationNNMeanKm,StationDensityPerKm2,BBoxWidthKm,BBoxHeightKm,UserNNMeanKm,StationCoverageDensityMean,StationCoverageDensityCV,ServiceEntropy,CLSCost,CLSAdvantagePct
real_sparse_r00_c40_u130_k10_s0,sparse,116.0320816,39.99288177,11.83801403780736,10.93366501416982,10.083063656339474,0.5176285194941266,0.090855749916461,13.30466348063522,12.4012797735781,0.5230890245910115,21.8,0.5409344226975388,2.064999468748081,23479.462593004788,26.62938774473914
real_sparse_r00_c40_u130_k10_s1,sparse,116.0320816,39.99288177,11.83801403780736,10.93366501416982,10.083063656339474,0.5176285194941266,0.090855749916461,14.364054232138262,12.575255369725685,0.5631263573532767,18.4,0.49688895086286944,2.0225032377631207,30825.073288779735,28.286412279112888
real_clustered_r00_c40_u130_k10_s0,clustered,116.0320816,39.99288177,11.83801403780736,10.93366501416982,10.083063656339474,0.5176285194941266,0.090855749916461,11.55637940518858,11.1548720636398,0.3658474457887558,34.85,0.5343076123506448,1.8742950789197061,7859.988270256739,34.81812544080474
real_clustered_r00_c40_u130_k10_s1,clustered,116.0320816,39.99288177,11.83801403780736,10.93366501416982,10.083063656339474,0.5176285194941266,0.090855749916461,11.654677553411753,10.48621519516104,0.34384940965383465,36.65,0.5715094944778168,1.917725407790459,5365.489800106285,55.568493345526356
real_skewed_r00_c40_u130_k10_s0,skewed,116.0320816,39.99288177,11.83801403780736,10.93366501416982,10.083063656339474,0.5176285194941266,0.090855749916461,12.630133812372115,11.077198108048028,0.3636421545942157,38.25,0.6000768885759548,1.6762799139541187,4924.367080066736,51.543432634056714
real_skewed_r00_c40_u130_k10_s1,skewed,116.0320816,39.99288177,11.83801403780736,10.93366501416982,10.083063656339474,0.5176285194941266,0.090855749916461,12.773594207150246,11.767486821982072,0.33405470331659626,35.825,0.5135959637881286,1.8473841473054615,5539.987184105958,52.47027762115935
real_sparse_r01_c40_u130_k10_s0,sparse,116.03500366,40.03976059,8.87945114879798,9.014976997519998,11.92668221180183,0.5172148634656655,0.16148711435345672,10.72861350966641,14.551257574900914,0.45881562605500076,22.65,0.5562344481876532,2.0602366180219804,29117.80731954899,12.499469019418383
real_sparse_r01_c40_u130_k10_s1,sparse,116.03500366,40.03976059,8.87945114879798,9.014976997519998,11.92668221180183,0.5172148634656655,0.16148711435345672,10.633921754321895,14.651366563077726,0.527403732796855,19.25,0.43022114597132927,2.056047039770204,29578.173260386677,19.803973363793983
real_clustered_r01_c40_u130_k10_s0,clustered,116.03500366,40.03976059,8.87945114879798,9.014976997519998,11.92668221180183,0.5172148634656655,0.16148711435345672,10.36861712840509,13.106618508638489,0.3580580928992819,38.1,0.663133631197935,1.9475254658784567,10098.760990664701,22.424074767519205
real_clustered_r01_c40_u130_k10_s1,clustered,116.03500366,40.03976059,8.87945114879798,9.014976997519998,11.92668221180183,0.5172148634656655,0.16148711435345672,9.911492811862507,14.158449615698228,0.3393484045323702,34.6,0.5645019940203625,1.8837402432922454,6646.490628933321,43.632059254494784
real_skewed_r01_c40_u130_k10_s0,skewed,116.03500366,40.03976059,8.87945114879798,9.014976997519998,11.92668221180183,0.5172148634656655,0.16148711435345672,10.46443066826279,13.485651881340953,0.3213096334938134,37.525,0.6370421671057453,1.8079364423820743,6691.646511451501,18.57888938247308
real_skewed_r01_c40_u130_k10_s1,skewed,116.03500366,40.03976059,8.87945114879798,9.014976997519998,11.92668221180183,0.5172148634656655,0.16148711435345672,9.83416724764195,13.028161100089678,0.3185112707005471,40.8,0.6643965458131368,1.6382466336037176,5164.588979436904,45.29944578041244
real_sparse_r02_c40_u130_k10_s0,sparse,116.36294556,40.11840057,7.94656712377983,4.491206560919482,7.515108005323242,0.3056571376316166,0.20162807614352765,6.25897681903335,9.348679289376106,0.30651248099374884,36.7,0.2897266376244106,2.0526849057708905,19767.487972666724,7.4124704953084795
real_sparse_r02_c40_u130_k10_s1,sparse,116.36294556,40.11840057,7.94656712377983,4.491206560919482,7.515108005323242,0.3056571376316166,0.20162807614352765,5.808661849583453,11.433976527275838,0.3250502225526046,35.275,0.28120895566319504,2.0635730381183253,15212.515194213049,5.593816382388722
real_clustered_r02_c40_u130_k10_s0,clustered,116.36294556,40.11840057,7.94656712377983,4.491206560919482,7.515108005323242,0.3056571376316166,0.20162807614352765,6.41727254671966,8.573369330886111,0.24122892755967715,55.525,0.2950269753394061,1.8832660968509405,6802.22832966396,11.09525799736941
real_clustered_r02_c40_u130_k10_s1,clustered,116.36294556,40.11840057,7.94656712377983,4.491206560919482,7.515108005323242,0.3056571376316166,0.20162807614352765,5.57411816358913,8.35549504353032,0.2189933400725825,53.875,0.27016965002609145,1.9828130415429313,5595.206442130434,0.3857455544914269
real_skewed_r02_c40_u130_k10_s0,skewed,116.36294556,40.11840057,7.94656712377983,4.491206560919482,7.515108005323242,0.3056571376316166,0.20162807614352765,5.434488268193444,9.029454776700083,0.2333796865707613,54.55,0.2887754020454898,1.7255836263938313,3474.690194261479,16.98389293238634
real_skewed_r02_c40_u130_k10_s1,skewed,116.36294556,40.11840057,7.94656712377983,4.491206560919482,7.515108005323242,0.3056571376316166,0.20162807614352765,4.667815561231755,8.348456090205548,0.19609056412306397,57.95,0.244739393420047,1.7332324585786414,3495.436247555761,0.0
real_sparse_r03_c40_u130_k10_s0,sparse,116.10016632,40.0401535,4.995529787537274,6.603254804710076,5.187236656273198,0.44124410270309433,0.5102077048151926,8.076251304427165,8.048268782099948,0.3448108268583597,26.825,0.2963462806071399,2.0323920903503616,3483.796983483258,64.2262158361373
real_sparse_r03_c40_u130_k10_s1,sparse,116.10016632,40.0401535,4.995529787537274,6.603254804710076,5.187236656273198,0.44124410270309433,0.5102077048151926,9.178034408546914,7.164598505577538,0.3366557993182644,28.825,0.3630995619418077,2.0522122610015496,5892.017481961567,33.15580669820537
real_clustered_r03_c40_u130_k10_s0,clustered,116.10016632,40.0401535,4.995529787537274,6.603254804710076,5.187236656273198,0.44124410270309433,0.5102077048151926,7.254306217093314,6.164803321601809,0.24866980239178652,38.675,0.5121083762375503,1.937952129021125,1365.2471228109998,68.3200105988287
real_clustered_r03_c40_u130_k10_s1,clustered,116.10016632,40.0401535,4.995529787537274,6.603254804710076,5.187236656273198,0.44124410270309433,0.5102077048151926,6.696682065109875,5.829678061566216,0.2627334561298956,40.95,0.4867171846627143,1.886015117393769,644.1126895571397,72.18197627137137
real_skewed_r03_c40_u130_k10_s0,skewed,116.10016632,40.0401535,4.995529787537274,6.603254804710076,5.187236656273198,0.44124410270309433,0.5102077048151926,7.128199822994759,5.652145119505274,0.20109895325653063,47.4,0.5698702373789782,1.823252384911065,1852.420372835711,14.355724846148856
real_skewed_r03_c40_u130_k10_s1,skewed,116.10016632,40.0401535,4.995529787537274,6.603254804710076,5.187236656273198,0.44124410270309433,0.5102077048151926,7.764959261747998,5.648437673226211,0.2456279580936346,41.7,0.46460934439567714,1.7052675378887647,674.4553165864852,77.4760442499438
real_sparse_r04_c40_u130_k10_s0,sparse,116.09378052,40.10776901,4.481534383404396,5.435993337317006,5.568993302327531,0.40379519713895584,0.6339524040092792,7.883324586661371,7.725317685720122,0.32195981532230733,25.375,0.3148627283405828,2.0504772016826034,3644.4445227399574,50.95775339697925
real_sparse_r04_c40_u130_k10_s1,sparse,116.09378052,40.10776901,4.481534383404396,5.435993337317006,5.568993302327531,0.40379519713895584,0.6339524040092792,6.700879580565261,8.700121930631722,0.3348048563847725,26.15,0.33594923772755814,2.063583834824856,2304.7669645477567,62.52761227993636
real_clustered_r04_c40_u130_k10_s0,clustered,116.09378052,40.10776901,4.481534383404396,5.435993337317006,5.568993302327531,0.40379519713895584,0.6339524040092792,6.431029257262402,6.581792960989765,0.25332197337975493,29.575,0.30080515429614063,1.8733762488838825,0.0,100.0
real_clustered_r04_c40_u130_k10_s1,clustered,116.09378052,40.10776901,4.481534383404396,5.435993337317006,5.568993302327531,0.40379519713895584,0.6339524040092792,6.232643785276377,6.4933528100730165,0.26043407542919494,30.35,0.3611291320355499,1.9133927595531084,336.23614316558275,78.00803307936239
real_skewed_r04_c40_u130_k10_s0,skewed,116.09378052,40.10776901,4.481534383404396,5.435993337317006,5.568993302327531,0.40379519713895584,0.6339524040092792,6.206007022341128,6.701768873788684,0.24272715984005094,30.45,0.41585679257968566,1.7560132683444127,698.6957251389828,71.93938802119806
real_skewed_r04_c40_u130_k10_s1,skewed,116.09378052,40.10776901,4.481534383404396,5.435993337317006,5.568993302327531,0.40379519713895584,0.6339524040092792,6.294070331708791,6.528761687949647,0.24009373285021715,31.225,0.42471620963685347,1.7519155287023898,1162.5574463370483,42.53304366196667
real_sparse_r05_c40_u130_k10_s0,sparse,116.17245483,39.99090958,4.337504400880394,4.027493029819032,7.424758791577063,0.32249946352104353,0.6767531123688667,8.36789935962668,8.990536028176953,0.32032697639099467,34.1,0.2268513736752342,2.064139751367122,12498.726949316331,15.693957918017107
real_sparse_r05_c40_u130_k10_s1,sparse,116.17245483,39.99090958,4.337504400880394,4.027493029819032,7.424758791577063,0.32249946352104353,0.6767531123688667,7.3294124584522775,9.164318269462145,0.3186261951009591,39.6,0.29214454270665796,2.0125509984576753,12351.829473316791,24.320291635189562
real_clustered_r05_c40_u130_k10_s0,clustered,116.17245483,39.99090958,4.337504400880394,4.027493029819032,7.424758791577063,0.32249946352104353,0.6767531123688667,5.135327234336516,8.354169349087417,0.22854160031288526,59.875,0.35960902153188307,1.9650986367295322,3372.4323006958384,16.365509921477525
real_clustered_r05_c40_u130_k10_s1,clustered,116.17245483,39.99090958,4.337504400880394,4.027493029819032,7.424758791577063,0.32249946352104353,0.6767531123688667,4.535930091828756,7.970892442400926,0.20543847838306947,63.225,0.32322435786389225,1.9093081832620435,1758.5777103532073,36.95011896511415
real_skewed_r05_c40_u130_k10_s0,skewed,116.17245483,39.99090958,4.337504400880394,4.027493029819032,7.424758791577063,0.32249946352104353,0.6767531123688667,4.479046658260315,8.573419191503177,0.19511546176635322,66.075,0.3437587386305714,1.7549386883994762,1239.9368932711254,21.727837714309214
real_skewed_r05_c40_u130_k10_s1,skewed,116.17245483,39.99090958,4.337504400880394,4.027493029819032,7.424758791577063,0.32249946352104353,0.6767531123688667,4.792011680848705,8.541086951890705,0.2322025754883917,59.9,0.3221604199086169,1.7025331884300694,3962.940419122088,26.31266872883533
real_sparse_r06_c40_u130_k10_s0,sparse,116.164062,40.140865,4.232019267155328,5.822403767946357,4.962595105719692,0.36035215650267316,0.710910364826257,8.651617934403612,7.995962433331466,0.33337869146803106,25.75,0.30153407998938025,2.065034792960551,5320.413313489821,17.24840305486216
real_sparse_r06_c40_u130_k10_s1,sparse,116.164062,40.140865,4.232019267155328,5.822403767946357,4.962595105719692,0.36035215650267316,0.710910364826257,10.177645696087014,7.756364634099811,0.3710698627681511,23.075,0.25973033516713034,2.051761606919316,6223.802025524148,32.45968477608403
real_clustered_r06_c40_u130_k10_s0,clustered,116.164062,40.140865,4.232019267155328,5.822403767946357,4.962595105719692,0.36035215650267316,0.710910364826257,6.735792575837804,5.577817427019612,0.24511387559961384,27.3,0.22553515426904241,1.9092449226171915,382.7522255709807,44.03990887843939
real_clustered_r06_c40_u130_k10_s1,clustered,116.164062,40.140865,4.232019267155328,5.822403767946357,4.962595105719692,0.36035215650267316,0.710910364826257,6.8010448356460085,5.869631169481795,0.2579574038554529,29.675,0.383435922895687,1.9613969165913154,738.9464778145976,50.590764582055996
real_skewed_r06_c40_u130_k10_s0,skewed,116.164062,40.140865,4.232019267155328,5.822403767946357,4.962595105719692,0.36035215650267316,0.710910364826257,6.526292460048351,6.058754654238218,0.2555679938577801,31.35,0.47897633910493176,1.7841227188754476,730.3947134327012,33.03001091460553
real_skewed_r06_c40_u130_k10_s1,skewed,116.164062,40.140865,4.232019267155328,5.822403767946357,4.962595105719692,0.36035215650267316,0.710910364826257,7.469165816665171,5.727671960895319,0.21157098742479094,31.1,0.3981689046740486,1.7203253967303815,0.0,100.0
real_sparse_r07_c40_u130_k10_s0,sparse,116.201293,39.917277,3.6720425636872953,3.4070217446081545,4.838123504833627,0.24012556056686085,0.9442667676075922,5.372158156211512,6.588628084555976,0.25094742442817847,41.925,0.26760052836175396,2.0670170244015367,2270.9581042204904,32.396438217376705
real_sparse_r07_c40_u130_k10_s1,sparse,116.201293,39.917277,3.6720425636872953,3.4070217446081545,4.838123504833627,0.24012556056686085,0.9442667676075922,5.973112007096893,5.933111680838034,0.24686122450161227,40.75,0.2300572596773454,2.033187408608169,2733.280301691514,39.27938745045244
real_clustered_r07_c40_u130_k10_s0,clustered,116.201293,39.917277,3.6720425636872953,3.4070217446081545,4.838123504833627,0.24012556056686085,0.9442667676075922,3.857130224170357,5.936076917036247,0.16877374877844406,58.075,0.43048450274639555,1.8983856354866449,0.0,100.0
real_clustered_r07_c40_u130_k10_s1,clustered,116.201293,39.917277,3.6720425636872953,3.4070217446081545,4.838123504833627,0.24012556056686085,0.9442667676075922,4.7533826037843845,5.4701400588415225,0.18100009950371415,53.875,0.3425634434714398,1.9049708007297301,0.0,100.0
real_skewed_r07_c40_u130_k10_s0,skewed,116.201293,39.917277,3.6720425636872953,3.4070217446081545,4.838123504833627,0.24012556056686085,0.9442667676075922,4.202552503549678,5.882441999428637,0.1942221965882339,51.35,0.2935553483021527,1.787814617470302,1020.2694606751243,6.931174588055036
real_skewed_r07_c40_u130_k10_s1,skewed,116.201293,39.917277,3.6720425636872953,3.4070217446081545,4.838123504833627,0.24012556056686085,0.9442667676075922,4.024387654227924,5.370688973679378,0.18812569844095725,54.45,0.33329538598136627,1.861879859874886,949.6265340706691,29.429944667722825
real_sparse_r08_c40_u130_k10_s0,sparse,116.37574768,40.06597519,3.341688718690196,3.289212736500339,3.3034745083938164,0.19910585911095158,1.1401923782731984,6.20921774636648,7.071720583513691,0.2593198190967132,46.475,0.2800092643853156,2.0480706295082896,2546.0595284892206,24.748772958855522
real_sparse_r08_c40_u130_k10_s1,sparse,116.37574768,40.06597519,3.341688718690196,3.289212736500339,3.3034745083938164,0.19910585911095158,1.1401923782731984,5.179724521346437,7.549661414272676,0.23559245586765382,47.475,0.2704038101281131,2.053420428460838,1657.9756372197653,21.75910558601433
real_clustered_r08_c40_u130_k10_s0,clustered,116.37574768,40.06597519,3.341688718690196,3.289212736500339,3.3034745083938164,0.19910585911095158,1.1401923782731984,4.574500047617122,5.496913780902478,0.1830288060343893,55.35,0.3208213770501934,1.8281291023175643,642.9095823566752,10.78294206033014
real_clustered_r08_c40_u130_k10_s1,clustered,116.37574768,40.06597519,3.341688718690196,3.289212736500339,3.3034745083938164,0.19910585911095158,1.1401923782731984,4.443865809740879,4.479079559187036,0.165143048621456,55.275,0.2945334611765753,1.8643625893909297,0.0,0.0
real_skewed_r08_c40_u130_k10_s0,skewed,116.37574768,40.06597519,3.341688718690196,3.289212736500339,3.3034745083938164,0.19910585911095158,1.1401923782731984,3.9313704281321313,4.907555510865087,0.1694667718384979,54.475,0.2887950960759209,1.641222540529683,0.0,0.0
real_skewed_r08_c40_u130_k10_s1,skewed,116.37574768,40.06597519,3.341688718690196,3.289212736500339,3.3034745083938164,0.19910585911095158,1.1401923782731984,4.652920076377909,4.3805393086399995,0.17381471135328314,56.05,0.360130755229502,1.7916916156780043,332.2677295552663,11.216611551919598
real_sparse_r09_c40_u130_k10_s0,sparse,116.21406555,40.02704239,3.2647943912040978,5.856940593895714,3.1622247050263304,0.28477272755473704,1.1945338122164086,7.582462835526075,6.963629149007605,0.27960044243951293,40.7,0.3580907232347745,2.069825461432181,1637.6967646184382,33.52377206879662
real_sparse_r09_c40_u130_k10_s1,sparse,116.21406555,40.02704239,3.2647943912040978,5.856940593895714,3.1622247050263304,0.28477272755473704,1.1945338122164086,9.170652249516975,6.280012818121169,0.29500473782821307,34.65,0.2431403907075911,2.048086299345984,2559.925254072194,42.804873272541855
real_clustered_r09_c40_u130_k10_s0,clustered,116.21406555,40.02704239,3.2647943912040978,5.856940593895714,3.1622247050263304,0.28477272755473704,1.1945338122164086,6.052882338442035,4.51231206228644,0.20110658952833324,49.95,0.40754265536366346,1.9323929851596284,363.01866084047856,0.0
real_clustered_r09_c40_u130_k10_s1,clustered,116.21406555,40.02704239,3.2647943912040978,5.856940593895714,3.1622247050263304,0.28477272755473704,1.1945338122164086,7.146561612691745,3.664170364869869,0.21626645803872638,47.275,0.3547748671545512,1.9365934644268,0.0,0.0
real_skewed_r09_c40_u130_k10_s0,skewed,116.21406555,40.02704239,3.2647943912040978,5.856940593895714,3.1622247050263304,0.28477272755473704,1.1945338122164086,6.468567164190712,3.771425271372779,0.17025068252480483,48.35,0.36166483534304705,1.6898965051746648,940.2534538916791,0.6838824902974161
real_skewed_r09_c40_u130_k10_s1,skewed,116.21406555,40.02704239,3.2647943912040978,5.856940593895714,3.1622247050263304,0.28477272755473704,1.1945338122164086,6.622661964088541,3.2492271672619286,0.18015407102533554,47.875,0.3880619395598564,1.6996215949463673,0.0,0.0
