Config,DataFile,Users,Candidates,TargetServers,ResolvedK,SigmaMin,N2Adjust,N2Raw,CLSCost,RandomMeanCost,RandomBestCost,DensityCost,DistSumCost,GreedyCost,DiverseInitCost,BestBaselineCost,CLSAdvantagePct,SelectedSolution
real_sparse_r00_c40_u130_k10_s0,data\real_region\input_data_real_sparse_r00_c40_u130_k10_s0_8.xlsx,130,40,10,10,34,1,9,23479.462593004788,55904.07816110779,32001.18122405507,96363.29922074698,88311.39554705836,88289.46489516788,96359.68333939316,32001.18122405507,26.62938774473914,1 2 3 4 6 11 27 28 32 34
real_sparse_r00_c40_u130_k10_s1,data\real_region\input_data_real_sparse_r00_c40_u130_k10_s1_8.xlsx,130,40,10,10,27,1,9,30825.073288779735,60121.447998730044,42983.588282812554,95347.04840870592,90473.58626521191,92443.4871526148,95396.94345558109,42983.588282812554,28.286412279112888,1 2 3 4 6 11 27 30 34 39
real_clustered_r00_c40_u130_k10_s0,data\real_region\input_data_real_clustered_r00_c40_u130_k10_s0_8.xlsx,130,40,10,10,53,-1,11,7859.988270256739,30224.474342418034,12058.548980696543,67488.08238000606,60671.526388044804,61963.594632135,67408.63198425216,12058.548980696543,34.81812544080474,1 2 3 5 6 10 11 21 32 36
real_clustered_r00_c40_u130_k10_s1,data\real_region\input_data_real_clustered_r00_c40_u130_k10_s1_8.xlsx,130,40,10,10,58,-2,12,5365.489800106285,22308.02541685787,12075.867338534319,54678.53272871663,46714.497004036384,51093.15409096188,54675.579039796576,12075.867338534319,55.568493345526356,1 2 3 6 7 10 11 23 28 31
real_skewed_r00_c40_u130_k10_s0,data\real_region\input_data_real_skewed_r00_c40_u130_k10_s0_8.xlsx,130,40,10,10,62,2,8,4924.367080066736,22085.799242483867,10162.434831336665,50534.86208672899,52278.74200669049,51615.17907970359,50534.86208672898,10162.434831336665,51.543432634056714,1 2 3 5 6 13 18 34 36 39
real_skewed_r00_c40_u130_k10_s1,data\real_region\input_data_real_skewed_r00_c40_u130_k10_s1_8.xlsx,130,40,10,10,53,-2,12,5539.987184105958,24244.94285013456,11655.837456715835,59047.459104519265,51568.94580403251,51568.94580403251,51612.70897496852,11655.837456715835,52.47027762115935,0 2 3 4 6 10 11 18 23 39
real_sparse_r01_c40_u130_k10_s0,data\real_region\input_data_real_sparse_r01_c40_u130_k10_s0_8.xlsx,130,40,10,10,34,1,9,29117.80731954899,49738.07784178399,33277.29214124529,81140.05574763392,76590.33241522254,76435.12476276433,81140.05574763392,33277.29214124529,12.499469019418383,0 2 3 4 6 9 26 33 37 38
real_sparse_r01_c40_u130_k10_s1,data\real_region\input_data_real_sparse_r01_c40_u130_k10_s1_8.xlsx,130,40,10,10,26,-1,11,29578.173260386677,53633.56387519325,36882.342556149844,84447.45806279343,69803.28328442291,67688.01431118464,84447.45806279342,36882.342556149844,19.803973363793983,0 1 2 3 6 7 26 32 37 39
real_clustered_r01_c40_u130_k10_s0,data\real_region\input_data_real_clustered_r01_c40_u130_k10_s0_8.xlsx,130,40,10,10,63,-1,11,10098.760990664701,26861.131782078897,13017.905955231046,59025.56620259099,53862.384925174876,53862.384925174876,59025.566202590984,13017.905955231046,22.424074767519205,0 1 2 3 4 6 12 19 29 38
real_clustered_r01_c40_u130_k10_s1,data\real_region\input_data_real_clustered_r01_c40_u130_k10_s1_8.xlsx,130,40,10,10,54,-1,11,6646.490628933321,27954.23064312836,11791.260317529539,56265.0656723046,53208.968677751196,53208.968677751196,56265.06567230457,11791.260317529539,43.632059254494784,0 2 3 4 6 9 26 35 37 39
real_skewed_r01_c40_u130_k10_s0,data\real_region\input_data_real_skewed_r01_c40_u130_k10_s0_8.xlsx,130,40,10,10,60,-3,13,6691.646511451501,25307.100239033076,8218.56452300841,57752.26144350079,58757.67710428641,55557.546525102945,57718.802347684556,8218.56452300841,18.57888938247308,0 2 3 4 6 9 23 33 35 39
real_skewed_r01_c40_u130_k10_s1,data\real_region\input_data_real_skewed_r01_c40_u130_k10_s1_8.xlsx,130,40,10,10,67,-1,11,5164.588979436904,23443.997395136255,9441.566092190584,49973.80909758038,49383.12104305487,49383.12104305487,49972.50427858098,9441.566092190584,45.29944578041244,0 2 3 4 6 10 12 17 36 37
real_sparse_r02_c40_u130_k10_s0,data\real_region\input_data_real_sparse_r02_c40_u130_k10_s0_8.xlsx,130,40,10,10,46,0,10,19767.487972666724,36073.546535765956,21350.054460266252,44961.87430064675,44961.87430064675,44961.87430064675,44961.87430064675,21350.054460266252,7.4124704953084795,0 1 5 16 22 29 31 32 35 37
real_sparse_r02_c40_u130_k10_s1,data\real_region\input_data_real_sparse_r02_c40_u130_k10_s1_8.xlsx,130,40,10,10,42,-1,11,15212.515194213049,34741.19793473119,16113.897004703393,45710.25426991583,45403.11098288221,45380.41925360779,45710.25426991582,16113.897004703393,5.593816382388722,0 1 5 17 19 22 25 29 34 37
real_clustered_r02_c40_u130_k10_s0,data\real_region\input_data_real_clustered_r02_c40_u130_k10_s0_8.xlsx,130,40,10,10,67,0,10,6802.22832966396,14973.133061607772,7651.142308542653,25274.000269272914,22639.68319969788,22639.68319969788,22360.687141782648,7651.142308542653,11.09525799736941,0 1 4 5 7 9 19 22 25 39
real_clustered_r02_c40_u130_k10_s1,data\real_region\input_data_real_clustered_r02_c40_u130_k10_s1_8.xlsx,130,40,10,10,65,0,10,5595.206442130434,16327.658877916349,5616.873281113747,27496.596320188502,25178.283074829953,25178.283074829953,27496.596320188502,5616.873281113747,0.3857455544914269,0 1 5 10 23 29 33 37 38 39
real_skewed_r02_c40_u130_k10_s0,data\real_region\input_data_real_skewed_r02_c40_u130_k10_s0_8.xlsx,130,40,10,10,68,0,10,3474.690194261479,13074.640384398996,4185.5614735481,17051.17230120871,19305.12821624807,19542.673735153974,17051.17230120871,4185.5614735481,16.98389293238634,0 5 8 11 22 26 30 31 33 37
real_skewed_r02_c40_u130_k10_s1,data\real_region\input_data_real_skewed_r02_c40_u130_k10_s1_8.xlsx,130,40,10,10,68,0,10,3495.436247555761,9657.136309609628,3495.436247555761,17602.17671578695,15878.348076817485,15878.348076817485,17602.17671578695,3495.436247555761,0.0,0 4 5 6 10 13 14 23 26 31
real_sparse_r03_c40_u130_k10_s0,data\real_region\input_data_real_sparse_r03_c40_u130_k10_s0_8.xlsx,130,40,10,10,34,-1,11,3483.796983483258,17089.129747096882,9738.407789138662,40614.12393889504,40765.54923939119,40765.54923939119,40593.11405873578,9738.407789138662,64.2262158361373,0 1 4 12 29 30 31 35 36 37
real_sparse_r03_c40_u130_k10_s1,data\real_region\input_data_real_sparse_r03_c40_u130_k10_s1_8.xlsx,130,40,10,10,38,0,10,5892.017481961567,16796.970933714052,8814.553951395173,42470.78705441868,37931.29267282208,37931.29267282208,42470.78705441868,8814.553951395173,33.15580669820537,0 1 4 12 17 29 31 34 35 38
real_clustered_r03_c40_u130_k10_s0,data\real_region\input_data_real_clustered_r03_c40_u130_k10_s0_8.xlsx,130,40,10,10,57,0,10,1365.2471228109998,10369.844097755911,4309.493622370097,31096.41302019485,33105.56263100113,36552.12998721552,31096.413020194857,4309.493622370097,68.3200105988287,0 1 4 12 14 27 30 33 35 36
real_clustered_r03_c40_u130_k10_s1,data\real_region\input_data_real_clustered_r03_c40_u130_k10_s1_8.xlsx,130,40,10,10,61,0,10,644.1126895571397,8912.955836265432,2315.450931527741,28708.633447590622,30637.262326187923,30637.262326187923,27720.64280358808,2315.450931527741,72.18197627137137,0 1 4 9 14 17 28 29 30 35
real_skewed_r03_c40_u130_k10_s0,data\real_region\input_data_real_skewed_r03_c40_u130_k10_s0_8.xlsx,130,40,10,10,74,-1,11,1852.420372835711,7614.212997562567,2162.923755858787,29747.728977224608,29747.728977224608,29747.728977224608,29612.00866864341,2162.923755858787,14.355724846148856,0 1 10 14 24 29 34 35 36 38
real_skewed_r03_c40_u130_k10_s1,data\real_region\input_data_real_skewed_r03_c40_u130_k10_s1_8.xlsx,130,40,10,10,62,1,9,674.4553165864852,8553.106899448157,2994.3910566633126,36568.32106999443,38804.68819247124,38804.68819247124,36446.72320266396,2994.3910566633126,77.4760442499438,0 1 4 6 10 12 19 35 36 39
real_sparse_r04_c40_u130_k10_s0,data\real_region\input_data_real_sparse_r04_c40_u130_k10_s0_8.xlsx,130,40,10,10,33,0,10,3644.4445227399574,13375.076220342238,7431.234853982971,29539.106961633974,37183.80885853025,37183.80885853025,29539.10696163397,7431.234853982971,50.95775339697925,0 7 8 18 27 28 35 36 37 39
real_sparse_r04_c40_u130_k10_s1,data\real_region\input_data_real_sparse_r04_c40_u130_k10_s1_8.xlsx,130,40,10,10,33,1,9,2304.7669645477567,13540.517511777573,6150.574075411073,22206.475065897394,28513.339679604316,28513.339679604316,19031.79594268241,6150.574075411073,62.52761227993636,0 2 8 16 19 29 35 37 38 39
real_clustered_r04_c40_u130_k10_s0,data\real_region\input_data_real_clustered_r04_c40_u130_k10_s0_8.xlsx,130,40,10,10,38,1,9,0.0,8137.483457428848,2541.544412175572,27084.12449125581,26495.16806769703,24356.105373797756,27084.124491255803,2541.544412175572,100.0,0 1 7 8 9 21 26 28 35 37
real_clustered_r04_c40_u130_k10_s1,data\real_region\input_data_real_clustered_r04_c40_u130_k10_s1_8.xlsx,130,40,10,10,38,1,9,336.23614316558275,7228.135945056469,1528.9043693952328,14531.51578323461,21419.68331248835,21419.68331248835,14531.515783234609,1528.9043693952328,78.00803307936239,0 1 6 16 19 27 30 34 35 39
real_skewed_r04_c40_u130_k10_s0,data\real_region\input_data_real_skewed_r04_c40_u130_k10_s0_8.xlsx,130,40,10,10,42,-1,11,698.6957251389828,7841.140975228057,2489.951843056038,26232.718880415956,26232.718880415956,26232.718880415956,20709.10253031303,2489.951843056038,71.93938802119806,7 8 11 19 26 27 29 30 35 39
real_skewed_r04_c40_u130_k10_s1,data\real_region\input_data_real_skewed_r04_c40_u130_k10_s1_8.xlsx,130,40,10,10,41,-1,11,1162.5574463370483,7487.559526876654,2023.001600256378,21672.365078022172,26284.794021040427,26284.794021040427,22205.42812946067,2023.001600256378,42.53304366196667,0 5 6 7 23 28 30 34 35 37
real_sparse_r05_c40_u130_k10_s0,data\real_region\input_data_real_sparse_r05_c40_u130_k10_s0_8.xlsx,130,40,10,10,39,0,10,12498.726949316331,28282.990572355473,14825.422520917327,37965.881345927264,46406.60480636944,46371.01419637498,37965.88134592725,14825.422520917327,15.693957918017107,0 1 4 14 30 32 35 36 38 39
real_sparse_r05_c40_u130_k10_s1,data\real_region\input_data_real_sparse_r05_c40_u130_k10_s1_8.xlsx,130,40,10,10,48,-1,11,12351.829473316791,23767.51646455094,16321.190633789687,38503.37841109692,40842.42251617419,38990.43381434786,36422.78064214631,16321.190633789687,24.320291635189562,0 14 26 30 31 33 34 35 38 39
real_clustered_r05_c40_u130_k10_s0,data\real_region\input_data_real_clustered_r05_c40_u130_k10_s0_8.xlsx,130,40,10,10,76,-1,11,3372.4323006958384,10779.090371565766,4032.3463412397687,18893.65785310358,22899.364962268606,20169.12758401151,18845.138703795532,4032.3463412397687,16.365509921477525,0 5 12 14 18 19 28 35 38 39
real_clustered_r05_c40_u130_k10_s1,data\real_region\input_data_real_clustered_r05_c40_u130_k10_s1_8.xlsx,130,40,10,10,77,-1,11,1758.5777103532073,7661.014575094155,2789.184819207155,15040.724554426019,16414.638318094752,16398.404777446725,15040.724554426019,2789.184819207155,36.95011896511415,0 1 4 10 14 21 27 35 37 39
real_skewed_r05_c40_u130_k10_s0,data\real_region\input_data_real_skewed_r05_c40_u130_k10_s0_8.xlsx,130,40,10,10,82,-1,11,1239.9368932711254,6872.937670426845,1584.135223894029,12910.204994584083,15154.46073824404,15498.105713597515,12619.943412999119,1584.135223894029,21.727837714309214,0 3 10 14 27 28 35 37 38 39
real_skewed_r05_c40_u130_k10_s1,data\real_region\input_data_real_skewed_r05_c40_u130_k10_s1_8.xlsx,130,40,10,10,75,1,9,3962.940419122088,9369.543437715358,5378.04850678975,18997.588681786943,19913.94556606547,19913.94556606547,18997.588681786943,5378.04850678975,26.31266872883533,0 1 4 14 23 27 28 30 35 39
real_sparse_r06_c40_u130_k10_s0,data\real_region\input_data_real_sparse_r06_c40_u130_k10_s0_8.xlsx,130,40,10,10,32,0,10,5320.413313489821,13091.017983521324,6429.37841672967,37626.992003186475,20904.44982479156,20896.3994970866,37626.99200318649,6429.37841672967,17.24840305486216,0 1 6 11 15 17 19 27 31 38
real_sparse_r06_c40_u130_k10_s1,data\real_region\input_data_real_sparse_r06_c40_u130_k10_s1_8.xlsx,130,40,10,10,27,-1,11,6223.802025524148,17591.551965242958,9214.943704201583,45386.900044564136,26897.55964825568,26897.55964825568,27086.932286167066,9214.943704201583,32.45968477608403,0 4 6 15 17 25 27 34 36 38
real_clustered_r06_c40_u130_k10_s0,data\real_region\input_data_real_clustered_r06_c40_u130_k10_s0_8.xlsx,130,40,10,10,32,-1,11,382.7522255709807,7738.995233543338,683.9735566897815,15444.807495083767,18015.279388933657,18489.229723312543,15444.807495083769,683.9735566897815,44.03990887843939,0 3 8 10 11 15 26 28 30 38
real_clustered_r06_c40_u130_k10_s1,data\real_region\input_data_real_clustered_r06_c40_u130_k10_s1_8.xlsx,130,40,10,10,39,0,10,738.9464778145976,6946.822049450285,1495.563474245209,43533.488404864045,24582.102276970916,24492.25494294135,43533.48840486405,1495.563474245209,50.590764582055996,0 4 6 11 15 16 27 29 33 34
real_skewed_r06_c40_u130_k10_s0,data\real_region\input_data_real_skewed_r06_c40_u130_k10_s0_8.xlsx,130,40,10,10,49,-1,11,730.3947134327012,7700.417692234619,1090.6298827395115,40083.58856985943,19753.572552694408,19136.09411880691,40093.74037505928,1090.6298827395115,33.03001091460553,0 5 6 10 11 15 17 19 25 35
real_skewed_r06_c40_u130_k10_s1,data\real_region\input_data_real_skewed_r06_c40_u130_k10_s1_8.xlsx,130,40,10,10,41,0,10,0.0,5801.252269274657,423.7226152808937,34878.95844516638,26539.34943093144,17472.943686687246,34878.95844516638,423.7226152808937,100.0,0 6 7 9 10 11 12 29 33 39
real_sparse_r07_c40_u130_k10_s0,data\real_region\input_data_real_sparse_r07_c40_u130_k10_s0_8.xlsx,130,40,10,10,52,-1,11,2270.9581042204904,9060.666947303378,3359.2284849172156,18766.58985326974,21509.84399305289,21038.146029729272,18723.39584333382,3359.2284849172156,32.396438217376705,0 3 5 28 31 32 33 35 36 38
real_sparse_r07_c40_u130_k10_s1,data\real_region\input_data_real_sparse_r07_c40_u130_k10_s1_8.xlsx,130,40,10,10,48,2,8,2733.280301691514,9307.802751476796,4501.404361593319,16415.249447146463,18297.901511542943,18627.20976958473,14819.298681456241,4501.404361593319,39.27938745045244,0 3 7 27 28 30 31 32 33 38
real_clustered_r07_c40_u130_k10_s0,data\real_region\input_data_real_clustered_r07_c40_u130_k10_s0_8.xlsx,130,40,10,10,80,0,10,0.0,3023.4150474469143,314.5626807831932,6741.266294015421,8058.265434822138,7676.419029436853,6741.2662940154205,314.5626807831932,100.0,0 5 11 13 15 18 21 27 32 33
real_clustered_r07_c40_u130_k10_s1,data\real_region\input_data_real_clustered_r07_c40_u130_k10_s1_8.xlsx,130,40,10,10,68,-1,11,0.0,4271.914587392823,305.10866078766816,10542.216568749584,12123.833142850573,12123.833142850573,9702.410972963458,305.10866078766816,100.0,1 2 5 6 29 30 31 33 34 36
real_skewed_r07_c40_u130_k10_s0,data\real_region\input_data_real_skewed_r07_c40_u130_k10_s0_8.xlsx,130,40,10,10,63,0,10,1020.2694606751243,5566.899277510368,1096.2526454579895,10546.43332835429,14965.89975538809,14965.89975538809,10428.43901712862,1096.2526454579895,6.931174588055036,0 14 15 16 17 18 23 29 32 33
real_skewed_r07_c40_u130_k10_s1,data\real_region\input_data_real_skewed_r07_c40_u130_k10_s1_8.xlsx,130,40,10,10,66,1,9,949.6265340706691,3892.9991359297323,1345.6508282434788,12704.484727911886,11753.246147638192,11753.246147638192,12704.484727911884,1345.6508282434788,29.429944667722825,0 7 11 16 22 29 32 33 34 36
real_sparse_r08_c40_u130_k10_s0,data\real_region\input_data_real_sparse_r08_c40_u130_k10_s0_8.xlsx,130,40,10,10,59,0,10,2546.0595284892206,5265.3837702331475,3383.4126413608287,14288.734528309964,15149.787301385124,15149.787301385124,13934.685130952246,3383.4126413608287,24.748772958855522,1 2 12 29 32 33 35 36 37 39
real_sparse_r08_c40_u130_k10_s1,data\real_region\input_data_real_sparse_r08_c40_u130_k10_s1_8.xlsx,130,40,10,10,57,0,10,1657.9756372197653,4878.878949577284,2119.065291415431,15771.748294297084,14464.996570606474,14776.605296771848,15771.748294297082,2119.065291415431,21.75910558601433,0 12 26 28 32 33 34 35 37 39
real_clustered_r08_c40_u130_k10_s0,data\real_region\input_data_real_clustered_r08_c40_u130_k10_s0_8.xlsx,130,40,10,10,72,0,10,642.9095823566752,1851.360285931117,720.6128482643105,10278.459038178702,7748.4172799984035,7748.4172799984035,10278.459038178702,720.6128482643105,10.78294206033014,4 27 28 29 32 33 34 35 37 39
real_clustered_r08_c40_u130_k10_s1,data\real_region\input_data_real_clustered_r08_c40_u130_k10_s1_8.xlsx,130,40,10,10,66,0,10,0.0,1337.7315106657686,0.0,5319.526301852921,6365.821558436201,6365.821558436201,3250.7927828336096,0.0,0.0,0 9 10 13 18 22 25 26 35 38
real_skewed_r08_c40_u130_k10_s0,data\real_region\input_data_real_skewed_r08_c40_u130_k10_s0_8.xlsx,130,40,10,10,69,0,10,0.0,705.8440234800786,0.0,8930.872443694638,6026.915692326752,6026.915692326752,8930.87244369464,0.0,0.0,4 13 15 16 18 20 22 29 30 37
real_skewed_r08_c40_u130_k10_s1,data\real_region\input_data_real_skewed_r08_c40_u130_k10_s1_8.xlsx,130,40,10,10,76,0,10,332.2677295552663,1987.4764826913126,374.2453800910888,7752.329134589383,7649.370943968956,7649.370943968956,7752.329134589383,374.2453800910888,11.216611551919598,3 10 17 24 25 26 29 35 37 38
real_sparse_r09_c40_u130_k10_s0,data\real_region\input_data_real_sparse_r09_c40_u130_k10_s0_8.xlsx,130,40,10,10,52,-1,11,1637.6967646184382,6151.432071428764,2463.5825701682406,26711.701886474133,22473.91710204134,22473.91710204134,26711.701886474133,2463.5825701682406,33.52377206879662,0 1 12 19 22 26 35 36 37 39
real_sparse_r09_c40_u130_k10_s1,data\real_region\input_data_real_sparse_r09_c40_u130_k10_s1_8.xlsx,130,40,10,10,42,-1,11,2559.925254072194,10356.027249141016,4475.7751237628245,29519.706017893273,26164.54890786985,26814.90949658447,28820.58929499526,4475.7751237628245,42.804873272541855,0 7 23 25 33 34 36 37 38 39
real_clustered_r09_c40_u130_k10_s0,data\real_region\input_data_real_clustered_r09_c40_u130_k10_s0_8.xlsx,130,40,10,10,69,-2,12,363.01866084047856,2795.575518598302,363.01866084047856,20097.76866456336,14792.703507585302,14466.65282277148,20097.768664563366,363.01866084047856,0.0,0 2 12 19 25 28 29 30 34 39
real_clustered_r09_c40_u130_k10_s1,data\real_region\input_data_real_clustered_r09_c40_u130_k10_s1_8.xlsx,130,40,10,10,61,0,10,0.0,2847.8365280022904,0.0,26671.991793233334,20679.867240230524,20679.867240230524,26671.991793233326,0.0,0.0,0 5 12 17 18 21 24 25 29 34
real_skewed_r09_c40_u130_k10_s0,data\real_region\input_data_real_skewed_r09_c40_u130_k10_s0_8.xlsx,130,40,10,10,64,-2,12,940.2534538916791,4155.749382974372,946.727960645282,26714.12645283343,21116.747032385523,20507.380246985707,26714.126452833425,946.727960645282,0.6838824902974161,1 3 10 11 21 22 24 31 35 37
real_skewed_r09_c40_u130_k10_s1,data\real_region\input_data_real_skewed_r09_c40_u130_k10_s1_8.xlsx,130,40,10,10,63,-1,11,0.0,2732.3762014686336,0.0,23786.862347136503,17313.24658067032,17313.24658067032,26525.42853101513,0.0,0.0,4 7 10 12 15 20 25 28 36 39
